<?xml version="1.0" encoding="UTF-8"?>
<rss version="2.0" xmlns:atom="http://www.w3.org/2005/Atom">
  <channel>
    <title>Brian Cain - Software Engineer</title>
    <description>A blog about Brian Cain</description>
    <link>http://briancain.net/</link>
    <atom:link href="http://briancain.net/feed.xml" rel="self" type="application/rss+xml"/>
    <pubDate>Sun, 02 Jul 2017 10:49:52 -0700</pubDate>
    <lastBuildDate>Sun, 02 Jul 2017 10:49:52 -0700</lastBuildDate>
    <generator>Jekyll v3.5.0</generator>
    
      <item>
        <title>Vagrant Provider Development Explained: A quickstart guide</title>
        <description>&lt;p&gt;I found myself in a dilemma a few months ago: I had written a command line tool called &lt;a href=&quot;https://github.com/briancain/vmfloaty&quot;&gt;vmfloaty&lt;/a&gt; for &lt;a href=&quot;https://github.com/puppetlabs/vmpooler&quot;&gt;vmpooler&lt;/a&gt;, and that helped reduce the amount of time I spent worrying about how to get virtual machines to do my job at &lt;a href=&quot;https://puppet.com/&quot;&gt;Puppet&lt;/a&gt;. But I still had an issue with provisioning and managing the state of those virtual machines in a timely manner.&lt;/p&gt; &lt;p&gt;Being a software engineer at Puppet, you could say that I’m someone who loves automation. However even after automating the process of grabbing machines from vmpooler, I was still left with the problem...</description>
        <pubDate>Tue, 29 Nov 2016 18:30:00 -0800</pubDate>
        <link>http://briancain.net/vagrant-providers/</link>
        <guid isPermaLink="true">http://briancain.net/vagrant-providers/</guid>
        
        <category>vagrant</category>
        
        <category>ruby</category>
        
        <category>provider</category>
        
        <category>vmpooler</category>
        
        <category>automation</category>
        
        
      </item>
    
      <item>
        <title>Data analysis with python, plot.ly, fitocracy, and myfitnesspal</title>
        <description>&lt;p&gt;Over this past week I’ve been having a lot of fun revisiting python and doing some data analysis with a myfitnesspal library. After losing a little bit of weight over the past few years (320+ pounds down to 210 pounds), and people asking me how I did it, I came to the realization that all of the data was right there waiting to be looked at! Not only that, but I am in a rare position that I’ve logged almost every single meal, snack, whatever, since August of 2013. Below are some of the graphs that came out of me...</description>
        <pubDate>Wed, 30 Mar 2016 11:30:00 -0700</pubDate>
        <link>http://briancain.net/nutrition-analysis/</link>
        <guid isPermaLink="true">http://briancain.net/nutrition-analysis/</guid>
        
        <category>automation</category>
        
        <category>data</category>
        
        <category>fitness</category>
        
        <category>lifting</category>
        
        <category>python</category>
        
        <category>myfitnesspal</category>
        
        
      </item>
    
      <item>
        <title>Starting Your Own Dotfiles</title>
        <description>&lt;h2 id=&quot;what-the-heck-are-dotfiles-and-why-should-you-care&quot;&gt;What the heck are dotfiles, and why should you care?&lt;/h2&gt; &lt;p&gt;If you’re familiar with Unix/Linux operating systems you may have opened up a terminal and looked at all of the various files within your home directory. You may have even viewed and edited a few of them, like a &lt;code class=&quot;highlighter-rouge&quot;&gt;.bashrc&lt;/code&gt; or &lt;code class=&quot;highlighter-rouge&quot;&gt;.vimrc&lt;/code&gt;. Here’s an example of what your home directory might look like:&lt;/p&gt; &lt;figure class=&quot;highlight&quot;&gt;&lt;pre&gt;&lt;code class=&quot;language-bash&quot; data-lang=&quot;bash&quot;&gt;&lt;span class=&quot;o&quot;&gt;[&lt;/span&gt;vagrant@centos ~]&lt;span class=&quot;nv&quot;&gt;$ &lt;/span&gt;ls -lah total 44K drwx------. 6 vagrant vagrant 4.0K Nov 20 18:10 . drwxr-xr-x. 3 root root 4.0K Feb 18 2014 .. -rw-r--r--. 1 vagrant vagrant 18...</description>
        <pubDate>Fri, 21 Nov 2014 17:30:00 -0800</pubDate>
        <link>http://briancain.net/starting-your-own-dotfiles/</link>
        <guid isPermaLink="true">http://briancain.net/starting-your-own-dotfiles/</guid>
        
        <category>dotfiles</category>
        
        <category>configuration</category>
        
        <category>automation</category>
        
        <category>nix</category>
        
        
      </item>
    
      <item>
        <title>Using Jekyll and Nginx</title>
        <description>&lt;p&gt;Thanks to the ruby gem &lt;a href=&quot;http://jekyllrb.com/&quot;&gt;Jekyll&lt;/a&gt;, it’s now easier than ever to have a simple dynamic website with just a few commands and a little bit of ruby and markdown.&lt;/p&gt; &lt;h2 id=&quot;setting-up-your-development-environment&quot;&gt;Setting up your development environment&lt;/h2&gt; &lt;p&gt;To get started, if you haven’t already, I recommend installing &lt;a href=&quot;http://rvm.io/&quot;&gt;rvm&lt;/a&gt;. RVM makes it easy to move in between multiple versions of ruby, and also makes managing different gems between projects a little bit easier. As their website suggests, you can get rvm with a simple command in bash:&lt;/p&gt; &lt;div class=&quot;highlighter-rouge&quot;&gt;&lt;pre class=&quot;highlight&quot;&gt;&lt;code&gt;\curl -sSL https://get.rvm.io | bash -s stable &lt;/code&gt;&lt;/pre&gt; &lt;/div&gt; &lt;p&gt;Once rvm...</description>
        <pubDate>Sun, 31 Aug 2014 22:00:00 -0700</pubDate>
        <link>http://briancain.net/using-jekyll-and-nginx/</link>
        <guid isPermaLink="true">http://briancain.net/using-jekyll-and-nginx/</guid>
        
        <category>jekyll</category>
        
        <category>ruby</category>
        
        <category>nginx</category>
        
        <category>web</category>
        
        
      </item>
    
      <item>
        <title>Introduction to Puppet</title>
        <description>&lt;p&gt;This week in &lt;a href=&quot;http://www.cis.ksu.edu/&quot;&gt;Computer Science&lt;/a&gt; at &lt;a href=&quot;http://www.k-state.edu/&quot;&gt;KSU&lt;/a&gt;, the Cyber Defense Club put on by &lt;a href=&quot;http://www.arguslab.org/&quot;&gt;Argus Lab&lt;/a&gt; will be introduced to Puppet as part of a semester long series of advanced topics relating to the sysadmin, server/system management, and security world. I will be giving an hour or so lecture on what Puppet is and how to get started using it. Some basic topics include how to get Puppet up and running on Ubuntu Server, useful Puppet commands, the Puppet DSL, defining nodes with specific packages, and using modules from the Forge.&lt;/p&gt; &lt;center&gt;&lt;iframe src=&quot;https://docs.google.com/presentation/d/1CfFgUb6Xmq_rgdYJe1-W-rOCccQ1iMe_Gin9jQHEacU/embed?start=false&amp;amp;loop=false&amp;amp;delayms=3000&quot; frameborder=&quot;0&quot; width=&quot;680&quot; height=&quot;560&quot; allowfullscreen=&quot;true&quot;...</description>
        <pubDate>Tue, 01 Oct 2013 00:00:00 -0700</pubDate>
        <link>http://briancain.net/introduction-to-puppet/</link>
        <guid isPermaLink="true">http://briancain.net/introduction-to-puppet/</guid>
        
        <category>puppetlabs</category>
        
        <category>puppet</category>
        
        <category>tutorial</category>
        
        
      </item>
    
      <item>
        <title>A Review of Jekyll iOS Security</title>
        <description>&lt;p&gt;Earlier this week I did a review of the paper “Jekyll on iOS: When Benign Apps Become Evil”; A paper from USENIX 22 presented a couple weeks back. The main focus of the paper is to present a model that allows malicious attackers to design a seemingly innocent iOS app that can accomplish several powerful attacks including taking photos, sending SMS/Email/Tweets, exploiting the OS kernel, and a &lt;em&gt;Trampoline Attack&lt;/em&gt; that takes advantage of Safaris extra privileges. They call this model or app Jekyll because of how the app behaves. If you’re familiar with the old story &lt;a href=&quot;https://en.wikipedia.org/wiki/Strange_Case_of_Dr_Jekyll_and_Mr_Hyde&quot;&gt;&lt;em&gt;Strange Case of...</description>
        <pubDate>Fri, 06 Sep 2013 00:00:00 -0700</pubDate>
        <link>http://briancain.net/a-review-of-jekyll-ios-security/</link>
        <guid isPermaLink="true">http://briancain.net/a-review-of-jekyll-ios-security/</guid>
        
        <category>security</category>
        
        <category>ios</category>
        
        <category>app</category>
        
        
      </item>
    
      <item>
        <title>Puppet, Gatling, And Jenkins Together</title>
        <description>&lt;p&gt;Puppet Gatling is a Jenkins-CI plugin that post-processes Gatling simulation data to generate useful reports for load-testing Puppet. Using this tool, users are able to discover a clear difference in performance between various versions of open source Puppet and Puppet Enterprise.&lt;/p&gt; &lt;h4 id=&quot;quick-note&quot;&gt;Quick Note&lt;/h4&gt; &lt;p&gt;This is a cross post from the &lt;a href=&quot;http://puppetlabs.com/blog/puppet-gatling-and-jenkins-together&quot;&gt;Puppet Labs Blog&lt;/a&gt;. I originally intended it to be the first post on here, but was given an opportunity to post on the official blog and took it.&lt;/p&gt; &lt;h1 id=&quot;load-testing&quot;&gt;Load Testing&lt;/h1&gt; &lt;p&gt;The concept of load testing is pretty simple. Mostly it involves coming up with a few different...</description>
        <pubDate>Mon, 02 Sep 2013 00:00:00 -0700</pubDate>
        <link>http://briancain.net/puppet-gatling-and-jenkins-together/</link>
        <guid isPermaLink="true">http://briancain.net/puppet-gatling-and-jenkins-together/</guid>
        
        <category>puppet</category>
        
        
      </item>
    
  </channel>
</rss>
