<?xml version="1.0" encoding="utf-8"?>
<feed xmlns="http://www.w3.org/2005/Atom" xml:lang="en">



  

<title type="text">My Website</title>
<generator uri="https://github.com/mojombo/jekyll">Jekyll</generator>
<link rel="self" type="application/atom+xml" href="http://briancain.net/feed.xml" />
<link rel="alternate" type="text/html" href="http://briancain.net/" />
<updated>2015-04-04T15:38:39-07:00</updated>
<id>http://briancain.net/</id>
<author>
  <name>Brian Cain</name>
  <uri>http://briancain.net/</uri>
  <email>brianccain@gmail.com</email>
</author>


<entry>
  <title type="html"><![CDATA[Starting Your Own Dotfiles]]></title>
  <link rel="alternate" type="text/html" href="http://briancain.net/starting-your-own-dotfiles/"/>
  <id>http://briancain.net/starting-your-own-dotfiles</id>
  <updated>2014-11-21 17:30:00 -0800T00:00:00-00:00</updated>
  <published>2014-11-21T00:00:00-08:00</published>
  
  <author>
    <name>Brian Cain</name>
    <uri>http://briancain.net</uri>
    <email>brianccain@gmail.com</email>
  </author>
  <category scheme="http://briancain.net/tags/#dotfiles" term="dotfiles" /><category scheme="http://briancain.net/tags/#configuration" term="configuration" /><category scheme="http://briancain.net/tags/#automation" term="automation" /><category scheme="http://briancain.net/tags/#nix" term="nix" />
  <content type="html">
  
    &lt;h2 id=&quot;what-the-heck-are-dotfiles-and-why-should-you-care&quot;&gt;What the heck are dotfiles, and why should you care?&lt;/h2&gt;

&lt;p&gt;If you’re familiar with Unix/Linux operating systems you may have opened up a terminal and looked at all of the various files within your home directory. You may have even viewed and edited a few of them, like a &lt;code&gt;.bashrc&lt;/code&gt; or &lt;code&gt;.vimrc&lt;/code&gt;. Here’s an example of what your home directory might look like:&lt;/p&gt;

&lt;div class=&quot;highlight&quot;&gt;&lt;pre&gt;&lt;code class=&quot;language-bash&quot; data-lang=&quot;bash&quot;&gt;&lt;span class=&quot;o&quot;&gt;[&lt;/span&gt;vagrant@centos ~&lt;span class=&quot;o&quot;&gt;]&lt;/span&gt;&lt;span class=&quot;nv&quot;&gt;$ &lt;/span&gt;ls -lah
total 44K
drwx------. &lt;span class=&quot;m&quot;&gt;6&lt;/span&gt; vagrant vagrant 4.0K Nov &lt;span class=&quot;m&quot;&gt;20&lt;/span&gt; 18:10 .
drwxr-xr-x. &lt;span class=&quot;m&quot;&gt;3&lt;/span&gt; root    root    4.0K Feb &lt;span class=&quot;m&quot;&gt;18&lt;/span&gt;  &lt;span class=&quot;m&quot;&gt;2014&lt;/span&gt; ..
-rw-r--r--. &lt;span class=&quot;m&quot;&gt;1&lt;/span&gt; vagrant vagrant   &lt;span class=&quot;m&quot;&gt;18&lt;/span&gt; Jul &lt;span class=&quot;m&quot;&gt;18&lt;/span&gt;  &lt;span class=&quot;m&quot;&gt;2013&lt;/span&gt; .bash_logout
-rw-r--r--. &lt;span class=&quot;m&quot;&gt;1&lt;/span&gt; vagrant vagrant  &lt;span class=&quot;m&quot;&gt;176&lt;/span&gt; Jul &lt;span class=&quot;m&quot;&gt;18&lt;/span&gt;  &lt;span class=&quot;m&quot;&gt;2013&lt;/span&gt; .bash_profile
lrwxrwxrwx  &lt;span class=&quot;m&quot;&gt;1&lt;/span&gt; vagrant vagrant   &lt;span class=&quot;m&quot;&gt;30&lt;/span&gt; Nov &lt;span class=&quot;m&quot;&gt;20&lt;/span&gt; 18:09 .bashrc -&amp;gt; /home/vagrant/.dotfiles/bashrc
drwxr-xr-x  &lt;span class=&quot;m&quot;&gt;4&lt;/span&gt; vagrant vagrant 4.0K Nov &lt;span class=&quot;m&quot;&gt;20&lt;/span&gt; 18:10 .dotfiles
-rw-rw-r--  &lt;span class=&quot;m&quot;&gt;1&lt;/span&gt; vagrant vagrant  &lt;span class=&quot;m&quot;&gt;138&lt;/span&gt; Nov &lt;span class=&quot;m&quot;&gt;20&lt;/span&gt; 18:09 .gitconfig
drwxrw----  &lt;span class=&quot;m&quot;&gt;3&lt;/span&gt; vagrant vagrant 4.0K Nov &lt;span class=&quot;m&quot;&gt;20&lt;/span&gt; 18:00 .pki
drwx------  &lt;span class=&quot;m&quot;&gt;2&lt;/span&gt; vagrant vagrant 4.0K Feb &lt;span class=&quot;m&quot;&gt;18&lt;/span&gt;  &lt;span class=&quot;m&quot;&gt;2014&lt;/span&gt; .ssh
-rw-r--r--  &lt;span class=&quot;m&quot;&gt;1&lt;/span&gt; vagrant vagrant    &lt;span class=&quot;m&quot;&gt;5&lt;/span&gt; Feb &lt;span class=&quot;m&quot;&gt;18&lt;/span&gt;  &lt;span class=&quot;m&quot;&gt;2014&lt;/span&gt; .vbox_version
drwxr-xr-x  &lt;span class=&quot;m&quot;&gt;3&lt;/span&gt; vagrant vagrant 4.0K Nov &lt;span class=&quot;m&quot;&gt;20&lt;/span&gt; 18:09 .vim
-rw-------  &lt;span class=&quot;m&quot;&gt;1&lt;/span&gt; vagrant vagrant  &lt;span class=&quot;m&quot;&gt;652&lt;/span&gt; Nov &lt;span class=&quot;m&quot;&gt;20&lt;/span&gt; 18:10 .viminfo
lrwxrwxrwx  &lt;span class=&quot;m&quot;&gt;1&lt;/span&gt; vagrant vagrant   &lt;span class=&quot;m&quot;&gt;29&lt;/span&gt; Nov &lt;span class=&quot;m&quot;&gt;20&lt;/span&gt; 18:09 .vimrc -&amp;gt; /home/vagrant/.dotfiles/vimrc&lt;/code&gt;&lt;/pre&gt;&lt;/div&gt;

&lt;p&gt;So what exactly are these “dot” files?&lt;/p&gt;

&lt;p&gt;To start, the dot or ‘.’ in front of the file means that it is actually a hidden file on the system. So to actually see these files, you either have to enable the ability to view those hidden files (if you are using a gui file viewer) or you have to use a specific flag (&lt;code&gt;-a&lt;/code&gt;) on the command line with &lt;code&gt;ls&lt;/code&gt;.&lt;/p&gt;

&lt;p&gt;Frequently, applications like vim, bash, zsh, irssi, etc use these hidden files or directories as a way to store user specific configurations.&lt;/p&gt;

&lt;p&gt;So why should you care?&lt;/p&gt;

&lt;p&gt;Having a dotfiles project provides a quick way to stand up your operating system to configure it exactly what you want. Have any aliases that you can’t live without? Or perhaps you’re picky on how your vim behaves? Dotfiles also provide a way for you to sync and backup specific aspects of the tools you use across all of your physical and virtual machines.&lt;/p&gt;

&lt;h2 id=&quot;getting-started&quot;&gt;Getting Started&lt;/h2&gt;

&lt;p&gt;&lt;a href=&quot;https://github.com/briancain/starter-dotfiles&quot;&gt;briancain/starter-dotfiles&lt;/a&gt;&lt;/p&gt;

&lt;p&gt;In the tradition of dotfiles, I have shared a starter repo that I encourage you to fork onto your own Github profile. This starter repo is just the bare minimum. It simply installs a few basic tools depending on your OS, and then sets up the few “dot” files like a bashrc, vimrc, etc that you might want and expand upon. To set them up, follow the simple instructions below:&lt;/p&gt;

&lt;p&gt;Clone my dotfiles into your home directory under the name &lt;code&gt;.dotfiles&lt;/code&gt;&lt;/p&gt;

&lt;pre&gt;&lt;code&gt;$ git clone https://github.com/briancain/starter-dotfiles.git ~/.dotfiles
&lt;/code&gt;&lt;/pre&gt;

&lt;p&gt;Then &lt;code&gt;cd ~/.dotfiles&lt;/code&gt; and run my simple installer bash script&lt;/p&gt;

&lt;pre&gt;&lt;code&gt;$ ./install.bash
&lt;/code&gt;&lt;/pre&gt;

&lt;p&gt;It will ask you a few questions (like your favorite shell), and assume you wish to use vim :)&lt;/p&gt;

&lt;h3 id=&quot;syncing-your-changes&quot;&gt;Syncing your changes&lt;/h3&gt;

&lt;p&gt;If you make any changes to your vimrc, bashrc, or zshrc, since those files are symlinked it will also update the repository. This comes in handy when you want to sync those changes to another machine. If you have made changes in your repository, simply &lt;code&gt;cd ~/.dotfiles&lt;/code&gt; and use git to commit those changes and push it up to your fork on Github.&lt;/p&gt;

&lt;p&gt;If you have your own rc file that you would like to add to your repo, you can either manually symlink it or place it in the &lt;code&gt;~/.dotfiles&lt;/code&gt; directory without the ‘.’ in front of the name. Then if you re-run the installer it will symlink everything for you in your home directory. Placing it in your &lt;code&gt;~/.dotfiles&lt;/code&gt; directory allows for it to be uploaded to Github and synced across your machines.&lt;/p&gt;

&lt;h2 id=&quot;additional-information&quot;&gt;Additional Information&lt;/h2&gt;

&lt;h3 id=&quot;shells&quot;&gt;Shells&lt;/h3&gt;

&lt;ul&gt;
  &lt;li&gt;&lt;a href=&quot;http://ohmyz.sh/&quot;&gt;Oh My ZSH&lt;/a&gt;
    &lt;ul&gt;
      &lt;li&gt;&lt;a href=&quot;https://github.com/robbyrussell/oh-my-zsh/wiki/Themes&quot;&gt;Themes&lt;/a&gt;&lt;/li&gt;
      &lt;li&gt;&lt;a href=&quot;https://github.com/robbyrussell/oh-my-zsh/wiki/Plugins&quot;&gt;Plugins&lt;/a&gt;&lt;/li&gt;
    &lt;/ul&gt;
  &lt;/li&gt;
&lt;/ul&gt;

&lt;h3 id=&quot;getting-started-with-vim-and-vundle&quot;&gt;Getting started with Vim and Vundle&lt;/h3&gt;

&lt;ul&gt;
  &lt;li&gt;&lt;a href=&quot;http://yannesposito.com/Scratch/en/blog/Learn-Vim-Progressively/&quot;&gt;Learn Vim Progressively&lt;/a&gt;&lt;/li&gt;
  &lt;li&gt;&lt;a href=&quot;https://github.com/gmarik/Vundle.vim#about&quot;&gt;About Vundle, the vim plugin manager&lt;/a&gt;&lt;/li&gt;
&lt;/ul&gt;

&lt;h3 id=&quot;other-resources&quot;&gt;Other Resources&lt;/h3&gt;

&lt;ul&gt;
  &lt;li&gt;&lt;a href=&quot;https://github.com/briancain/dotfiles&quot;&gt;My personal dotfiles&lt;/a&gt;&lt;/li&gt;
  &lt;li&gt;&lt;a href=&quot;http://dotfiles.github.io/&quot;&gt;Github does dotfiles&lt;/a&gt;&lt;/li&gt;
&lt;/ul&gt;

  
  &lt;p&gt;&lt;a href=&quot;http://briancain.net/starting-your-own-dotfiles/&quot;&gt;Starting Your Own Dotfiles&lt;/a&gt; was originally published by Brian Cain at &lt;a href=&quot;http://briancain.net&quot;&gt;My Website&lt;/a&gt; on November 21, 2014.&lt;/p&gt;</content>
</entry>


<entry>
  <title type="html"><![CDATA[Your Hubot is listening on *]]></title>
  <link rel="alternate" type="text/html" href="http://briancain.net/your-hubot-is-listening-on-star/"/>
  <id>http://briancain.net/your-hubot-is-listening-on-star</id>
  <updated>2014-10-26 09:35:17 -0700T00:00:00-00:00</updated>
  <published>2014-10-26T00:00:00-07:00</published>
  
  <author>
    <name>Brian Cain</name>
    <uri>http://briancain.net</uri>
    <email>brianccain@gmail.com</email>
  </author>
  <category scheme="http://briancain.net/tags/#hubot" term="hubot" /><category scheme="http://briancain.net/tags/#nodejs" term="nodejs" /><category scheme="http://briancain.net/tags/#security" term="security" /><category scheme="http://briancain.net/tags/#nmap" term="nmap" />
  <content type="html">
  
    &lt;p&gt;This morning I decided to do a little security audit on a server I have that happens to face the outside world. This same server gets hit 5-7 times a day with automated tools attempting to log in through ssh (to only get perma-banned by &lt;a href=&quot;http://www.fail2ban.org/wiki/index.php/Main_Page&quot;&gt;fail2ban&lt;/a&gt; :D).&lt;/p&gt;

&lt;p&gt;A good first step to see what an attacker might see on your server is to run &lt;a href=&quot;http://nmap.org/&quot;&gt;nmap&lt;/a&gt;. With a typical scan, nmap will show you what ports are open and available to the outside world. Usually, your web server shouldn’t have too many open ports. The more ports you have open, the higher the attack surface.&lt;/p&gt;

&lt;p&gt;If you have nmap installed, you can check your own server with the command below (&lt;strong&gt;THIS IS IMPORTANT&lt;/strong&gt;: you must either own the server or have permission from the owner to do a scan like this):&lt;/p&gt;

&lt;p&gt;&lt;code&gt;
nmap -T4 -A -v yourwebsite.com
&lt;/code&gt;&lt;/p&gt;

&lt;p&gt;From the output here, nmap will tell you what ports are open and what service is likely running on those ports. It will also attempt to determine the operating system, but that is less reliable.&lt;/p&gt;

&lt;p&gt;I was expecting to only see port 22 and port 80 (ssh and web), however something interesting popped up…port 8080. At first that worried me, because nmap reported it as an http proxy, which is something I have not set up at all. I poured over my different configs related to nginx or anything web related and didn’t see anything. I even stopped nginx and redid the scan and it was still there! Strange….I finally looked at what was listening on my machine with netstat:&lt;/p&gt;

&lt;div class=&quot;highlight&quot;&gt;&lt;pre&gt;&lt;code class=&quot;language-javascript&quot; data-lang=&quot;javascript&quot;&gt;&lt;span class=&quot;nx&quot;&gt;brian&lt;/span&gt;&lt;span class=&quot;err&quot;&gt;@&lt;/span&gt;&lt;span class=&quot;nx&quot;&gt;macha&lt;/span&gt;&lt;span class=&quot;o&quot;&gt;:~&lt;/span&gt; &lt;span class=&quot;nx&quot;&gt;$&lt;/span&gt; &lt;span class=&quot;nx&quot;&gt;netstat&lt;/span&gt; &lt;span class=&quot;o&quot;&gt;-&lt;/span&gt;&lt;span class=&quot;nx&quot;&gt;anp&lt;/span&gt; &lt;span class=&quot;o&quot;&gt;|&lt;/span&gt; &lt;span class=&quot;nx&quot;&gt;grep&lt;/span&gt; &lt;span class=&quot;o&quot;&gt;-&lt;/span&gt;&lt;span class=&quot;nx&quot;&gt;i&lt;/span&gt; &lt;span class=&quot;mi&quot;&gt;8080&lt;/span&gt;
&lt;span class=&quot;p&quot;&gt;(&lt;/span&gt;&lt;span class=&quot;nx&quot;&gt;Not&lt;/span&gt; &lt;span class=&quot;nx&quot;&gt;all&lt;/span&gt; &lt;span class=&quot;nx&quot;&gt;processes&lt;/span&gt; &lt;span class=&quot;nx&quot;&gt;could&lt;/span&gt; &lt;span class=&quot;nx&quot;&gt;be&lt;/span&gt; &lt;span class=&quot;nx&quot;&gt;identified&lt;/span&gt;&lt;span class=&quot;p&quot;&gt;,&lt;/span&gt; &lt;span class=&quot;nx&quot;&gt;non&lt;/span&gt;&lt;span class=&quot;o&quot;&gt;-&lt;/span&gt;&lt;span class=&quot;nx&quot;&gt;owned&lt;/span&gt; &lt;span class=&quot;nx&quot;&gt;process&lt;/span&gt; &lt;span class=&quot;nx&quot;&gt;info&lt;/span&gt;
 &lt;span class=&quot;nx&quot;&gt;will&lt;/span&gt; &lt;span class=&quot;nx&quot;&gt;not&lt;/span&gt; &lt;span class=&quot;nx&quot;&gt;be&lt;/span&gt; &lt;span class=&quot;nx&quot;&gt;shown&lt;/span&gt;&lt;span class=&quot;p&quot;&gt;,&lt;/span&gt; &lt;span class=&quot;nx&quot;&gt;you&lt;/span&gt; &lt;span class=&quot;nx&quot;&gt;would&lt;/span&gt; &lt;span class=&quot;nx&quot;&gt;have&lt;/span&gt; &lt;span class=&quot;nx&quot;&gt;to&lt;/span&gt; &lt;span class=&quot;nx&quot;&gt;be&lt;/span&gt; &lt;span class=&quot;nx&quot;&gt;root&lt;/span&gt; &lt;span class=&quot;nx&quot;&gt;to&lt;/span&gt; &lt;span class=&quot;nx&quot;&gt;see&lt;/span&gt; &lt;span class=&quot;nx&quot;&gt;it&lt;/span&gt; &lt;span class=&quot;nx&quot;&gt;all&lt;/span&gt;&lt;span class=&quot;p&quot;&gt;.)&lt;/span&gt;
&lt;span class=&quot;nx&quot;&gt;tcp&lt;/span&gt;        &lt;span class=&quot;mi&quot;&gt;0&lt;/span&gt;      &lt;span class=&quot;mi&quot;&gt;0&lt;/span&gt; &lt;span class=&quot;mf&quot;&gt;0.0&lt;/span&gt;&lt;span class=&quot;p&quot;&gt;.&lt;/span&gt;&lt;span class=&quot;mf&quot;&gt;0.0&lt;/span&gt;&lt;span class=&quot;o&quot;&gt;:&lt;/span&gt;&lt;span class=&quot;mi&quot;&gt;8080&lt;/span&gt;              &lt;span class=&quot;mf&quot;&gt;0.0&lt;/span&gt;&lt;span class=&quot;p&quot;&gt;.&lt;/span&gt;&lt;span class=&quot;mf&quot;&gt;0.0&lt;/span&gt;&lt;span class=&quot;o&quot;&gt;:*&lt;/span&gt;                   &lt;span class=&quot;nx&quot;&gt;LISTEN&lt;/span&gt;      &lt;span class=&quot;mi&quot;&gt;2128&lt;/span&gt;&lt;span class=&quot;o&quot;&gt;/&lt;/span&gt;&lt;span class=&quot;nx&quot;&gt;node&lt;/span&gt;&lt;/code&gt;&lt;/pre&gt;&lt;/div&gt;

&lt;p&gt;Sure enough, something was listening on 8080, but it wasn’t nginx, it was Node! Well, on this machine that’s Hubot. And it turns out, if you don’t specify a binding address, Hubot decides to make itself open to the world.&lt;/p&gt;

&lt;p&gt;The code is here on &lt;a href=&quot;https://github.com/github/hubot/blob/master/src/robot.coffee#L287&quot;&gt;hubot/src/robot.coffee&lt;/a&gt;:&lt;/p&gt;

&lt;div class=&quot;highlight&quot;&gt;&lt;pre&gt;&lt;code class=&quot;language-coffeescript&quot; data-lang=&quot;coffeescript&quot;&gt;&lt;span class=&quot;k&quot;&gt;try&lt;/span&gt;
  &lt;span class=&quot;vi&quot;&gt;@server = &lt;/span&gt;&lt;span class=&quot;nx&quot;&gt;app&lt;/span&gt;&lt;span class=&quot;p&quot;&gt;.&lt;/span&gt;&lt;span class=&quot;nx&quot;&gt;listen&lt;/span&gt;&lt;span class=&quot;p&quot;&gt;(&lt;/span&gt;&lt;span class=&quot;nx&quot;&gt;process&lt;/span&gt;&lt;span class=&quot;p&quot;&gt;.&lt;/span&gt;&lt;span class=&quot;nx&quot;&gt;env&lt;/span&gt;&lt;span class=&quot;p&quot;&gt;.&lt;/span&gt;&lt;span class=&quot;nx&quot;&gt;PORT&lt;/span&gt; &lt;span class=&quot;o&quot;&gt;||&lt;/span&gt; &lt;span class=&quot;mi&quot;&gt;8080&lt;/span&gt;&lt;span class=&quot;p&quot;&gt;,&lt;/span&gt; &lt;span class=&quot;nx&quot;&gt;process&lt;/span&gt;&lt;span class=&quot;p&quot;&gt;.&lt;/span&gt;&lt;span class=&quot;nx&quot;&gt;env&lt;/span&gt;&lt;span class=&quot;p&quot;&gt;.&lt;/span&gt;&lt;span class=&quot;nx&quot;&gt;BIND_ADDRESS&lt;/span&gt; &lt;span class=&quot;o&quot;&gt;||&lt;/span&gt; &lt;span class=&quot;s&quot;&gt;&amp;#39;0.0.0.0&amp;#39;&lt;/span&gt;&lt;span class=&quot;p&quot;&gt;)&lt;/span&gt;
  &lt;span class=&quot;vi&quot;&gt;@router = &lt;/span&gt;&lt;span class=&quot;nx&quot;&gt;app&lt;/span&gt;
&lt;span class=&quot;k&quot;&gt;catch&lt;/span&gt; &lt;span class=&quot;nx&quot;&gt;err&lt;/span&gt;
  &lt;span class=&quot;nx&quot;&gt;@logger&lt;/span&gt;&lt;span class=&quot;p&quot;&gt;.&lt;/span&gt;&lt;span class=&quot;nx&quot;&gt;error&lt;/span&gt; &lt;span class=&quot;s&quot;&gt;&amp;quot;Error trying to start HTTP server: &lt;/span&gt;&lt;span class=&quot;si&quot;&gt;#{&lt;/span&gt;&lt;span class=&quot;nx&quot;&gt;err&lt;/span&gt;&lt;span class=&quot;si&quot;&gt;}&lt;/span&gt;&lt;span class=&quot;s&quot;&gt;\n&lt;/span&gt;&lt;span class=&quot;si&quot;&gt;#{&lt;/span&gt;&lt;span class=&quot;nx&quot;&gt;err&lt;/span&gt;&lt;span class=&quot;p&quot;&gt;.&lt;/span&gt;&lt;span class=&quot;nx&quot;&gt;stack&lt;/span&gt;&lt;span class=&quot;si&quot;&gt;}&lt;/span&gt;&lt;span class=&quot;s&quot;&gt;&amp;quot;&lt;/span&gt;
  &lt;span class=&quot;nx&quot;&gt;process&lt;/span&gt;&lt;span class=&quot;p&quot;&gt;.&lt;/span&gt;&lt;span class=&quot;nx&quot;&gt;exit&lt;/span&gt;&lt;span class=&quot;p&quot;&gt;(&lt;/span&gt;&lt;span class=&quot;mi&quot;&gt;1&lt;/span&gt;&lt;span class=&quot;p&quot;&gt;)&lt;/span&gt;&lt;/code&gt;&lt;/pre&gt;&lt;/div&gt;

&lt;p&gt;What does this mean? Well by default, Hubot will be open to the outside world. &lt;em&gt;Does it really matter?&lt;/em&gt; Maybe, maybe not. But I don’t have a reason for it to, so there’s no reason for it to be open to the world. According to the code snippate, if we set a BIND_ADDRESS environment variable, Hubot will bind to that instead of the default &lt;code&gt;0.0.0.0&lt;/code&gt;. My deploy script looks something like this:&lt;/p&gt;

&lt;div class=&quot;highlight&quot;&gt;&lt;pre&gt;&lt;code class=&quot;language-bash&quot; data-lang=&quot;bash&quot;&gt;&lt;span class=&quot;c&quot;&gt;#! /bin/bash&lt;/span&gt;

&lt;span class=&quot;nv&quot;&gt;HUBOT_IRC_SERVER&lt;/span&gt;&lt;span class=&quot;o&quot;&gt;=&lt;/span&gt;irc.freenode.net &lt;span class=&quot;se&quot;&gt;\&lt;/span&gt;
&lt;span class=&quot;nv&quot;&gt;HUBOT_IRC_ROOMS&lt;/span&gt;&lt;span class=&quot;o&quot;&gt;=&lt;/span&gt;&lt;span class=&quot;s2&quot;&gt;&amp;quot;#mychannel&amp;quot;&lt;/span&gt; &lt;span class=&quot;se&quot;&gt;\&lt;/span&gt;
&lt;span class=&quot;nv&quot;&gt;HUBOT_IRC_NICK&lt;/span&gt;&lt;span class=&quot;o&quot;&gt;=&lt;/span&gt;&lt;span class=&quot;s2&quot;&gt;&amp;quot;MyHubotNick&amp;quot;&lt;/span&gt; &lt;span class=&quot;se&quot;&gt;\&lt;/span&gt;
&lt;span class=&quot;nv&quot;&gt;HUBOT_IRC_UNFLOOD&lt;/span&gt;&lt;span class=&quot;o&quot;&gt;=&lt;/span&gt;&lt;span class=&quot;s2&quot;&gt;&amp;quot;true&amp;quot;&lt;/span&gt; &lt;span class=&quot;se&quot;&gt;\&lt;/span&gt;
&lt;span class=&quot;nv&quot;&gt;PORT&lt;/span&gt;&lt;span class=&quot;o&quot;&gt;=&lt;/span&gt;&lt;span class=&quot;m&quot;&gt;1234&lt;/span&gt; &lt;span class=&quot;se&quot;&gt;\&lt;/span&gt;
&lt;span class=&quot;nv&quot;&gt;BIND_ADDRESS&lt;/span&gt;&lt;span class=&quot;o&quot;&gt;=&lt;/span&gt;localhost &lt;span class=&quot;se&quot;&gt;\&lt;/span&gt;
bin/hubot -a irc --name MyHubotNick&lt;/code&gt;&lt;/pre&gt;&lt;/div&gt;

&lt;p&gt;Setting BIND_ADDRESS will make the Hubot framework bind to that instead of &lt;code&gt;0.0.0.0&lt;/code&gt;. Doing another nmap scan will show that there is nothing on 8080 anymore! Also checking netstat, we can see that Hubot is now listening on localhost (127.0.0.1), instead of *.&lt;/p&gt;

&lt;div class=&quot;highlight&quot;&gt;&lt;pre&gt;&lt;code class=&quot;language-bash&quot; data-lang=&quot;bash&quot;&gt;brian@macha:~ &lt;span class=&quot;nv&quot;&gt;$ &lt;/span&gt;netstat -anp &lt;span class=&quot;p&quot;&gt;|&lt;/span&gt; grep -i 1234
&lt;span class=&quot;o&quot;&gt;(&lt;/span&gt;Not all processes could be identified, non-owned process info
 will not be shown, you would have to be root to see it all.&lt;span class=&quot;o&quot;&gt;)&lt;/span&gt;
tcp        &lt;span class=&quot;m&quot;&gt;0&lt;/span&gt;      &lt;span class=&quot;m&quot;&gt;0&lt;/span&gt; 127.0.0.1:1234              0.0.0.0:*                   LISTEN      2128/node&lt;/code&gt;&lt;/pre&gt;&lt;/div&gt;


  
  &lt;p&gt;&lt;a href=&quot;http://briancain.net/your-hubot-is-listening-on-star/&quot;&gt;Your Hubot is listening on *&lt;/a&gt; was originally published by Brian Cain at &lt;a href=&quot;http://briancain.net&quot;&gt;My Website&lt;/a&gt; on October 26, 2014.&lt;/p&gt;</content>
</entry>


<entry>
  <title type="html"><![CDATA[Using Jekyll and Nginx]]></title>
  <link rel="alternate" type="text/html" href="http://briancain.net/using-jekyll-and-nginx/"/>
  <id>http://briancain.net/using-jekyll-and-nginx</id>
  <updated>2014-08-31 22:00:00 -0700T00:00:00-00:00</updated>
  <published>2014-08-31T00:00:00-07:00</published>
  
  <author>
    <name>Brian Cain</name>
    <uri>http://briancain.net</uri>
    <email>brianccain@gmail.com</email>
  </author>
  <category scheme="http://briancain.net/tags/#jekyll" term="jekyll" /><category scheme="http://briancain.net/tags/#ruby" term="ruby" /><category scheme="http://briancain.net/tags/#nginx" term="nginx" /><category scheme="http://briancain.net/tags/#web" term="web" />
  <content type="html">
  
    &lt;p&gt;Thanks to the ruby gem &lt;a href=&quot;http://jekyllrb.com/&quot;&gt;Jekyll&lt;/a&gt;, it’s now easier than ever to have a simple dynamic website with just a few commands and a little bit of ruby and markdown.&lt;/p&gt;

&lt;h2 id=&quot;setting-up-your-development-environment&quot;&gt;Setting up your development environment&lt;/h2&gt;

&lt;p&gt;To get started, if you haven’t already, I recommend installing &lt;a href=&quot;http://rvm.io/&quot;&gt;rvm&lt;/a&gt;. RVM makes it easy to move in between multiple versions of ruby, and also makes managing different gems between projects a little bit easier. As their website suggests, you can get rvm with a simple command in bash:&lt;/p&gt;

&lt;p&gt;&lt;code&gt;
\curl -sSL https://get.rvm.io | bash -s stable
&lt;/code&gt;&lt;/p&gt;

&lt;p&gt;Once rvm installs all of the required packages, you need to pick what version of ruby you are interested in developing in. For the purposes of this blog, we’ll just pick Ruby 2.0.0:&lt;/p&gt;

&lt;div class=&quot;highlight&quot;&gt;&lt;pre&gt;&lt;code class=&quot;language-bash&quot; data-lang=&quot;bash&quot;&gt;rvm install 2.0.0&lt;/code&gt;&lt;/pre&gt;&lt;/div&gt;

&lt;p&gt;So far, so good. Only a few commands. The next step will be installing the &lt;code&gt;jekyll&lt;/code&gt; ruby gem so we can start developing our website. This should be the same as the steps detailed on the &lt;a href=&quot;http://jekyllrb.com/&quot;&gt;main Jekyll website&lt;/a&gt;. If you want, you can use rvm’s gemset functionality, but it isn’t required. Go ahead and install Jekyll, and then generate a new website with it after installation:&lt;/p&gt;

&lt;div class=&quot;highlight&quot;&gt;&lt;pre&gt;&lt;code class=&quot;language-bash&quot; data-lang=&quot;bash&quot;&gt;gem install jekyll
jekyll new my-website&lt;/code&gt;&lt;/pre&gt;&lt;/div&gt;

&lt;p&gt;Doing so should give you a new Jekyll website with this folder layout structure below. If you want to dig more into each folder, I recommend reading the &lt;a href=&quot;http://jekyllrb.com/docs/structure/&quot;&gt;Jekyll Directory structure docs&lt;/a&gt; that go into more detail. For now, here’s the basic structure that Jekyll gives you.&lt;/p&gt;

&lt;div class=&quot;highlight&quot;&gt;&lt;pre&gt;&lt;code class=&quot;language-bash&quot; data-lang=&quot;bash&quot;&gt;.
├── _config.yml
├── _includes
│   ├── footer.html
│   ├── head.html
│   └── header.html
├── _layouts
│   ├── default.html
│   ├── page.html
│   └── post.html
├── _posts
│   └── 2014-08-31-welcome-to-jekyll.markdown
├── about.md
├── css
│   └── main.css
├── feed.xml
└── index.html

&lt;span class=&quot;m&quot;&gt;4&lt;/span&gt; directories, &lt;span class=&quot;m&quot;&gt;12&lt;/span&gt; files&lt;/code&gt;&lt;/pre&gt;&lt;/div&gt;

&lt;p&gt;Testing the changes you make to your new website locally with Jekyll is extremely easy. Once you’re ready to see what your website looks like in a browser, type the following command within the directory of your project:&lt;/p&gt;

&lt;div class=&quot;highlight&quot;&gt;&lt;pre&gt;&lt;code class=&quot;language-bash&quot; data-lang=&quot;bash&quot;&gt;jekyll serve -w&lt;/code&gt;&lt;/pre&gt;&lt;/div&gt;

&lt;p&gt;The &lt;code&gt;-w&lt;/code&gt; flag will automatically reload if Jekyll notices any files have been updated from an editor. This is extremely useful if you want to test a lot of changes and don’t want to constantly tear down and bring up Jekyll every time you want to see the change.&lt;/p&gt;

&lt;p&gt;If you did everything right, you should see this website on &lt;a href=&quot;http://localhost:4000&quot;&gt;localhost:4000&lt;/a&gt;!&lt;/p&gt;

&lt;figure&gt;
  &lt;img src=&quot;/images/jekyll-new.png&quot; alt=&quot;new website&quot; /&gt;
  &lt;figcaption&gt;A blank jekyll page&lt;/figcaption&gt;
&lt;/figure&gt;

&lt;p&gt;From here, there are a lot of different choices you could make. It’s your website, so that part is up to you! If you are interested in Jekyll themes, there are plenty out there to choose from. This site uses one! If you want a more blog oriented experience, the ruby gem &lt;a href=&quot;http://octopress.org/&quot;&gt;Octopress&lt;/a&gt; has a lot of great features and themes.&lt;/p&gt;

&lt;h2 id=&quot;setting-up-your-web-server&quot;&gt;Setting up your web server&lt;/h2&gt;

&lt;p&gt;Now that you’re all done designing your website and adding lots of content, it’s time to show it off to the world! Let’s log into your remote machine through ssh and get started….&lt;/p&gt;

&lt;h3 id=&quot;setting-up-nginx&quot;&gt;Setting up Nginx&lt;/h3&gt;

&lt;p&gt;The first thing you should do on your remote web server is install Nginx. This step depends on what package manager you have. Let’s just assume you’re using yum. First you need to install &lt;strong&gt;EPEL&lt;/strong&gt; or “Extra Packages for Enterprise Linux”. Then we can install nginx after we add those packages to yum.&lt;/p&gt;

&lt;div class=&quot;highlight&quot;&gt;&lt;pre&gt;&lt;code class=&quot;language-bash&quot; data-lang=&quot;bash&quot;&gt;sudo su -c &lt;span class=&quot;s1&quot;&gt;&amp;#39;rpm -Uvh http://dl.fedoraproject.org/pub/epel/6/x86_64/epel-release-6-8.noarch.rpm&amp;#39;&lt;/span&gt;
sudo yum install nginx&lt;/code&gt;&lt;/pre&gt;&lt;/div&gt;

&lt;p&gt;When nginx first installs, it does not automatically start after installation. At least…that is the behavior on CentOS. This is good, since we might want to make a few changes to the nginx.conf file before setting up our website.&lt;/p&gt;

&lt;p&gt;The default config file &lt;em&gt;should&lt;/em&gt; be ok, but if you’d like to change something all of the Nginx configuration files are located in &lt;code&gt;/etc/nginx&lt;/code&gt;. I recommend checking out &lt;code&gt;/etc/nginx/nginx.conf&lt;/code&gt; even if you don’t plan on changing anything. For more information, feel free to read the &lt;a href=&quot;http://nginx.org/en/docs/beginners_guide.html&quot;&gt;Nginx beginners guide&lt;/a&gt;.&lt;/p&gt;

&lt;h3 id=&quot;deploying-jekyll&quot;&gt;Deploying Jekyll&lt;/h3&gt;

&lt;p&gt;Now that Nginx is installed and configured, we need to use Jekyll to build everything up for us. This can be done by using the simple build command in the root of your working Jekyll projects directory:&lt;/p&gt;

&lt;div class=&quot;highlight&quot;&gt;&lt;pre&gt;&lt;code class=&quot;language-bash&quot; data-lang=&quot;bash&quot;&gt;jekyll build&lt;/code&gt;&lt;/pre&gt;&lt;/div&gt;

&lt;p&gt;That command will generate your site into the _site folder. How you get this folder over to your web server is up to you. Whether it be SFTP, SCP, or cloning your website over with git and building it on your web server, as long as you place the resulting built website code in the folder Nginx is serving websites out of, you will be good. In the default case, that folder is &lt;code&gt;/usr/share/nginx/html&lt;/code&gt;. Placing your website in there will allow nginx to serve out your Jekyll website. Once that is done, starting up Nginx is the last step!&lt;/p&gt;

&lt;div class=&quot;highlight&quot;&gt;&lt;pre&gt;&lt;code class=&quot;language-bash&quot; data-lang=&quot;bash&quot;&gt;service nginx start&lt;/code&gt;&lt;/pre&gt;&lt;/div&gt;

&lt;p&gt;If everything worked, you should have a brand new website!&lt;/p&gt;

  
  &lt;p&gt;&lt;a href=&quot;http://briancain.net/using-jekyll-and-nginx/&quot;&gt;Using Jekyll and Nginx&lt;/a&gt; was originally published by Brian Cain at &lt;a href=&quot;http://briancain.net&quot;&gt;My Website&lt;/a&gt; on August 31, 2014.&lt;/p&gt;</content>
</entry>


<entry>
  <title type="html"><![CDATA[Site update]]></title>
  <link rel="alternate" type="text/html" href="http://briancain.net/site-update/"/>
  <id>http://briancain.net/site-update</id>
  <updated>2014-07-19 16:05:12 -0700T00:00:00-00:00</updated>
  <published>2014-07-19T00:00:00-07:00</published>
  
  <author>
    <name>Brian Cain</name>
    <uri>http://briancain.net</uri>
    <email>brianccain@gmail.com</email>
  </author>
  <category scheme="http://briancain.net/tags/#new" term="new" /><category scheme="http://briancain.net/tags/#website" term="website" /><category scheme="http://briancain.net/tags/#jekyll" term="jekyll" />
  <content type="html">
  
    &lt;p&gt;Welcome to my new website! Seems like that time of year where I decide to scrap my previous website and do something different.&lt;/p&gt;

&lt;p&gt;This time I decided to go with Jekyll. Jekyll has proven to be a great technology for simple blog websites that are mostly static. Jekyll also has a lot of great community themes to choose from, so it seemed like the right choice for the job! Other than some older articles, I have a simple &lt;em&gt;about me&lt;/em&gt; section that has some information for people browsing my personal website. Otherwise, the main portion of the website will be articles.&lt;/p&gt;

  
  &lt;p&gt;&lt;a href=&quot;http://briancain.net/site-update/&quot;&gt;Site update&lt;/a&gt; was originally published by Brian Cain at &lt;a href=&quot;http://briancain.net&quot;&gt;My Website&lt;/a&gt; on July 19, 2014.&lt;/p&gt;</content>
</entry>


<entry>
  <title type="html"><![CDATA[Introduction to Puppet]]></title>
  <link rel="alternate" type="text/html" href="http://briancain.net/introduction-to-puppet/"/>
  <id>http://briancain.net/introduction-to-puppet</id>
  <updated>2013-10-01T00:00:00-00:00</updated>
  <published>2013-10-01T00:00:00-07:00</published>
  
  <author>
    <name>Brian Cain</name>
    <uri>http://briancain.net</uri>
    <email>brianccain@gmail.com</email>
  </author>
  <category scheme="http://briancain.net/tags/#puppetlabs" term="puppetlabs" /><category scheme="http://briancain.net/tags/#puppet" term="puppet" /><category scheme="http://briancain.net/tags/#intro" term="intro" />
  <content type="html">
  
    &lt;p&gt;This week in &lt;a href=&quot;http://www.cis.ksu.edu/&quot;&gt;Computer Science&lt;/a&gt; at &lt;a href=&quot;http://www.k-state.edu/&quot;&gt;KSU&lt;/a&gt;, the Cyber Defense Club put on by &lt;a href=&quot;http://www.arguslab.org/&quot;&gt;Argus Lab&lt;/a&gt; will be introduced to Puppet as part of a semester long series of advanced topics relating to the sysadmin, server/system management, and security world. I will be giving an hour or so lecture on what Puppet is and how to get started using it. Some basic topics include how to get Puppet up and running on Ubuntu Server, useful Puppet commands, the Puppet DSL, defining nodes with specific packages, and using modules from the Forge.&lt;/p&gt;

&lt;iframe src=&quot;https://docs.google.com/presentation/d/1CfFgUb6Xmq_rgdYJe1-W-rOCccQ1iMe_Gin9jQHEacU/embed?start=false&amp;amp;loop=false&amp;amp;delayms=3000&quot; frameborder=&quot;0&quot; width=&quot;680&quot; height=&quot;560&quot; allowfullscreen=&quot;true&quot; mozallowfullscreen=&quot;true&quot; webkitallowfullscreen=&quot;true&quot;&gt;&lt;/iframe&gt;

  
  &lt;p&gt;&lt;a href=&quot;http://briancain.net/introduction-to-puppet/&quot;&gt;Introduction to Puppet&lt;/a&gt; was originally published by Brian Cain at &lt;a href=&quot;http://briancain.net&quot;&gt;My Website&lt;/a&gt; on October 01, 2013.&lt;/p&gt;</content>
</entry>


<entry>
  <title type="html"><![CDATA[A Review of Jekyll iOS Security]]></title>
  <link rel="alternate" type="text/html" href="http://briancain.net/a-review-of-jekyll-ios-security/"/>
  <id>http://briancain.net/a-review-of-jekyll-ios-security</id>
  <updated>2013-09-06T00:00:00-00:00</updated>
  <published>2013-09-06T00:00:00-07:00</published>
  
  <author>
    <name>Brian Cain</name>
    <uri>http://briancain.net</uri>
    <email>brianccain@gmail.com</email>
  </author>
  <category scheme="http://briancain.net/tags/#security" term="security" /><category scheme="http://briancain.net/tags/#ios" term="ios" /><category scheme="http://briancain.net/tags/#app" term="app" />
  <content type="html">
  
    &lt;p&gt;Earlier this week I did a review of the paper “Jekyll on iOS: When Benign Apps Become Evil”; A paper from USENIX 22 presented a couple weeks back. The main focus of the paper is to present a model that allows malicious attackers to design a seemingly innocent iOS app that can accomplish several powerful attacks including taking photos, sending SMS/Email/Tweets, exploiting the OS kernel, and a &lt;em&gt;Trampoline Attack&lt;/em&gt; that takes advantage of Safaris extra privileges. They call this model or app Jekyll because of how the app behaves. If you’re familiar with the old story &lt;a href=&quot;https://en.wikipedia.org/wiki/Strange_Case_of_Dr_Jekyll_and_Mr_Hyde&quot;&gt;&lt;em&gt;Strange Case of Dr Jekyll and Mr Hyde&lt;/em&gt;&lt;/a&gt;, you should have a good understanding of the basic idea.&lt;/p&gt;

&lt;p&gt;I found this paper particularly interesting because it seems like iOS exploits are rarely talked about. This at least seems to be true in our weekly Kansas State security reading group. Often our mobile security discussions are about Android. I don’t believe it’s because iOS is that much more secure over Android, but rather a lot of process behind iOS isn’t as open as it should be. This paper brings several potential issues with the App Signing process, the way apps are sandboxed on iOS, and other issues related to a few security models iOS implements such as Data Execution Prevention (DEP) and Address Space Layout Randomization. Both of these two techniques aim to prevent third-party apps from becoming malicious. What’s interesting about this paper is the researchers present a way to get around these security measures and implement a pretty powerful app. They also got it published on the App store with the Apple seal of approval.&lt;/p&gt;

&lt;p&gt;The full paper can be found &lt;a href=&quot;https://www.usenix.org/system/files/conference/usenixsecurity13/sec13-paper_wang-updated-8-23-13.pdf&quot;&gt;here&lt;/a&gt;. And the official USENIX page can be found &lt;a href=&quot;https://www.usenix.org/conference/usenixsecurity13/jekyll-ios-when-benign-apps-become-evil&quot;&gt;here&lt;/a&gt; (which includes a video of the full talk from the conference).&lt;/p&gt;

&lt;p&gt;Below are the slides I used for my talk at K-State about the paper.&lt;/p&gt;

&lt;iframe src=&quot;https://docs.google.com/presentation/d/1EFOpoGHbaJnwnt-1A4qbCI7-81H47AYXXKqw-s7Us9g/embed?start=false&amp;amp;loop=false&amp;amp;delayms=3000&quot; frameborder=&quot;0&quot; width=&quot;480&quot; height=&quot;389&quot; allowfullscreen=&quot;true&quot; mozallowfullscreen=&quot;true&quot; webkitallowfullscreen=&quot;true&quot;&gt;&lt;/iframe&gt;

  
  &lt;p&gt;&lt;a href=&quot;http://briancain.net/a-review-of-jekyll-ios-security/&quot;&gt;A Review of Jekyll iOS Security&lt;/a&gt; was originally published by Brian Cain at &lt;a href=&quot;http://briancain.net&quot;&gt;My Website&lt;/a&gt; on September 06, 2013.&lt;/p&gt;</content>
</entry>


<entry>
  <title type="html"><![CDATA[Puppet, Gatling, And Jenkins Together]]></title>
  <link rel="alternate" type="text/html" href="http://briancain.net/puppet-gatling-and-jenkins-together/"/>
  <id>http://briancain.net/puppet-gatling-and-jenkins-together</id>
  <updated>2013-09-02T00:00:00-00:00</updated>
  <published>2013-09-02T00:00:00-07:00</published>
  
  <author>
    <name>Brian Cain</name>
    <uri>http://briancain.net</uri>
    <email>brianccain@gmail.com</email>
  </author>
  <category scheme="http://briancain.net/tags/#puppet" term="puppet" />
  <content type="html">
  
    &lt;p&gt;Puppet Gatling is a Jenkins-CI plugin that post-processes Gatling simulation data to generate useful reports for load-testing Puppet. Using this tool, users are able to discover a clear difference in performance between various versions of open source Puppet and Puppet Enterprise.&lt;/p&gt;

&lt;h4 id=&quot;quick-note&quot;&gt;Quick Note&lt;/h4&gt;

&lt;p&gt;This is a cross post from the &lt;a href=&quot;http://puppetlabs.com/blog/puppet-gatling-and-jenkins-together&quot;&gt;Puppet Labs Blog&lt;/a&gt;. I originally intended it to be the first post on here, but was given an opportunity to post on the official blog and took it.&lt;/p&gt;

&lt;h1 id=&quot;load-testing&quot;&gt;Load Testing&lt;/h1&gt;

&lt;p&gt;The concept of load testing is pretty simple. Mostly it involves coming up with a few different ways to stress-test the code to understand how robust a given project is. This becomes very important when trying to show customers improvements&lt;/p&gt;

&lt;p&gt;One of my major projects as a summer intern at Puppet Labs was to find a simple way to show developers, marketing and customers that each version of open source Puppet and Puppet Enterprise improves on the prior version.&lt;/p&gt;

&lt;p&gt;How did we accomplish this? Well there are a few main tools that we used, along with a little plugin development.&lt;/p&gt;

&lt;h1 id=&quot;jenkins-ci&quot;&gt;Jenkins CI&lt;/h1&gt;

&lt;p&gt;&lt;img src=&quot;/images/jenkins_logo.png&quot; alt=&quot;jenkins&quot; /&gt;&lt;/p&gt;

&lt;p&gt;Jenkins CI (or just Jenkins) is an open source application that helps you execute repeated jobs like running different unit or acceptance tests, building packages, or other load testing. This style of development is known as Continuous Integration. Organizations will have either public or private Jenkins instances, or sometimes both. Some public examples include &lt;a href=&quot;https://builds.apache.org/&quot;&gt;Apache&lt;/a&gt;, &lt;a href=&quot;http://ci.jruby.org/&quot;&gt;jruby&lt;/a&gt;, and even &lt;a href=&quot;https://jenkins.puppetlabs.com/&quot;&gt;open source Puppet&lt;/a&gt;! Using Jenkins for continuous integration helps improve quality assurance and gives developers a way to keep a continuous check on the state of their application through development.&lt;/p&gt;

&lt;p&gt;Jenkins also provides a huge variety of &lt;a href=&quot;https://wiki.jenkins-ci.org/display/JENKINS/Plugins&quot;&gt;plugins&lt;/a&gt; to choose from to improve your experience. Because Jenkins is open source, it is pretty easy to write &lt;a href=&quot;https://wiki.jenkins-ci.org/display/JENKINS/Plugin+tutorial&quot;&gt;your own plugin&lt;/a&gt; too!&lt;/p&gt;

&lt;h1 id=&quot;gatling-project&quot;&gt;Gatling Project&lt;/h1&gt;

&lt;p&gt;&lt;img src=&quot;/images/gatling_logo.png&quot; alt=&quot;gatling&quot; /&gt;&lt;/p&gt;

&lt;p&gt;The &lt;a href=&quot;http://gatling-tool.org/&quot;&gt;Gatling Project&lt;/a&gt; has provided a &lt;a href=&quot;https://wiki.jenkins-ci.org/display/JENKINS/Gatling+Plugin&quot;&gt;plugin&lt;/a&gt; that you can hook into Jenkins which keeps track of different simulation information and a detailed view of each build that runs on Jenkins. By simply adding the plugin to a Jenkins job, it will display a few different trend graphs across builds including:&lt;/p&gt;

&lt;ul&gt;
  &lt;li&gt;Mean response time trend&lt;/li&gt;
  &lt;li&gt;95th percentiles response time trend&lt;/li&gt;
  &lt;li&gt;Percentage of failed requests &lt;/li&gt;
&lt;/ul&gt;

&lt;p&gt;These graphs provide some great information about the job, however understandably so do not account for how Puppet runs work between a master and its agents. This means that the data is calculated incorrectly. Thus the need for a plugin extension, Puppet-Gatling.&lt;/p&gt;

&lt;h2 id=&quot;implementation-of-puppet-gatling&quot;&gt;Implementation of Puppet-Gatling&lt;/h2&gt;

&lt;p&gt;The main tools used in this process beyond Jenkins and Gatling include Maven with Java for plugin development. Maven proves to be a useful tool while developing Jenkins plugins for the simple reason that when you are ready to test, running the plugin through Maven will generate a new Jenkins instance. Without this feature, you would have to package your plugin every time and deploy it on a live Jenkins server.&lt;/p&gt;

&lt;p&gt;&lt;a href=&quot;/images/jenkins/puppet_gatling.png&quot;&gt;&lt;img src=&quot;/images/jenkins/puppet_gatling.png&quot; alt=&quot;web console&quot; style=&quot;width: 800px; height: 700px;&quot; /&gt;&lt;/a&gt;&lt;/p&gt;

&lt;p&gt;The &lt;a href=&quot;https://github.com/puppetlabs/puppet-gatling/tree/master/src/main&quot;&gt;src&lt;/a&gt; folder in Puppet-Gatling contains three main folders: java, resources, and webapp. The java folder is what you would expect: This is where all the java code for the project lives. The resources folder is for all of the view/GUI files that manipulate the Jenkins web console. These files are known as .jelly files. The webapp directory contains the plugin icon that will be displayed on a given Jenkins build.&lt;/p&gt;

&lt;p&gt;The plugin itself is broken down into a few main classes that are important to Jenkins:&lt;/p&gt;

&lt;h3 id=&quot;puppetgatlingbuildactionjava&quot;&gt;PuppetGatlingBuildAction.java&lt;/h3&gt;

&lt;p&gt;This is what controls the code behind specific build pages on the web console. This page can be reached by clicking on some of the builds on the left-hand side of the main page for a job, as seen below. When visiting the specific build page for a given run, you will find some OS data that the project gatling-puppet-load-test gathered during the simulation (discussed below under the heading Additional Open Source Contributions), along with a breakdown of the data calculated by Puppet-Gatling. All the data you see on the build page is generated initially through the index.jelly file in the resources folder. Some of the code in index.jelly calls the related java file here as well - that is, to obtain some of the data collected and stored within the plugin. Think of jelly files like View in an MVC framework.&lt;/p&gt;

&lt;p&gt;&lt;a href=&quot;/images/jenkins/builds.png&quot;&gt;&lt;img src=&quot;/images/jenkins/builds.png&quot; alt=&quot;builds&quot; style=&quot;border: 1px solid grey;&quot; /&gt;&lt;/a&gt;&lt;/p&gt;

&lt;h3 id=&quot;puppetgatlingprojectactionjava&quot;&gt;PuppetGatlingProjectAction.java&lt;/h3&gt;

&lt;p&gt;This is what controls the plugin main page for each Jenkins job. The icon on the left of the job dashboard provides a link to the project page. This page shows all the different trend graphs that Puppet-Gatling calculates for each run. This page also provides links to builds at the bottom, although you can also click on any data point within the graph to load the build page, too. This data point feature was added with my plugin, and was later merged into the official plugin.&lt;/p&gt;

&lt;p&gt;&lt;a href=&quot;/images/jenkins/project_view.png&quot;&gt;&lt;img src=&quot;/images/jenkins/project_view.png&quot; alt=&quot;web console&quot; style=&quot;width: 800px; height: 700px;&quot; /&gt;&lt;/a&gt;&lt;/p&gt;

&lt;h3 id=&quot;puppetgatlingpublisherjava&quot;&gt;PuppetGatlingPublisher.java&lt;/h3&gt;

&lt;p&gt;This is the main brains behind the project. The publisher part of that file name is important. For plugins, publisher tells Jenkins that it should be a post build action. Simply, this means that the plugin should run after everything else in the job has executed. This is important because if we run the plugin too soon, the Gatling data will not have been generated yet. This file is in charge of gathering all the data generated by gatling-puppet-load-test and the Gatling plugin, then crunching the numbers and providing the user with a pretty trend graph that has data related to Puppet runs.&lt;/p&gt;

&lt;p&gt;&lt;a href=&quot;/images/jenkins/postBuild.png&quot;&gt;&lt;img src=&quot;/images/jenkins/postBuild.png&quot; alt=&quot;web console&quot; style=&quot;border: 1px solid grey;&quot; /&gt;&lt;/a&gt;&lt;/p&gt;

&lt;p&gt;Other java files in the project include: a class that stores the Simulation configuration; some data about the simulation; a report about the data collected from Facter for the simulation; and some other classes that help run the display of different trend graphs.&lt;/p&gt;

&lt;h2 id=&quot;testing-setup&quot;&gt;Testing Setup&lt;/h2&gt;

&lt;p&gt;A simple example job configuration is shown below. It will install Puppet Enterprise 2.8, and run two simulations. Each simulation has a unique id, and each simulation can have a different number of nodes to test against, along with the number of times it executes the node config. This style of configruation allows for ease in configuring a given Jenkins job. Before this, you had to go through a complicated process of setting env variables and adding a lot of shell scripts to execute. Thanks to the gatling-puppet-load-test project, you can now configure the job like this json below.&lt;/p&gt;

&lt;script src=&quot;https://gist.github.com/briancain/6247039.js&quot;&gt;&lt;/script&gt;

&lt;p&gt;Our end product will test the same simulation against two different versions of Puppet. This can be done by having a new simulation step where you add an install step before the simulation. It will then uninstall whichever version of Puppet is present, add the new installation, and go about the simulation.&lt;/p&gt;

&lt;h1 id=&quot;gatling-puppet-load-test&quot;&gt;Gatling Puppet Load Test&lt;/h1&gt;

&lt;p&gt;This project is what allows for easy configuration in Jenkins. When the job configuration is in this json format, the gatling-puppet-load-test project is able to parse the simulation configuration and set up the Jenkins job for it to run with the given description. My part in this project was fairly small, and I contributed only a couple of features to the project itself. &lt;/p&gt;

&lt;p&gt;One important feature of the Puppet-Gatling plugin is the ability to display different information about the OS and the simulation to the user. For that to happen, there needed to be a step in the setup of gatling-puppet-load-test using &lt;a href=&quot;http://docs.puppetlabs.com/facter/1.6/core_facts.html&quot;&gt;Facter&lt;/a&gt; to gather data. This was all done in ruby. Once the data required was collected, the setup step would save that data to the Jenkins workspace for the plugin to use later.&lt;/p&gt;

&lt;p&gt;Another small contribution I added was the ability to make comments in the json configuration. This is important when you don’t want to install Puppet Enterprise on every job, or if there’s any other simulation step that you want to leave out. Otherwise you would have to move it out of the json configuration and save it as a comment in the execute shell portion of the Jenkins job configuration. This can become messy and annoying, especially when there are a lot of steps that you don’t need more than once.&lt;/p&gt;

&lt;h1 id=&quot;additional-open-source-contributions&quot;&gt;Additional Open Source Contributions&lt;/h1&gt;

&lt;p&gt;As mentioned above, a feature of the Puppet-Gatling plugin was merged into the working source for the official Gatling Jenkins plugin. The main idea behind it was the ability to click on some of the graph data points and be taken directly to a build screen that Gatling generates. Without this feature, you had to navigate to the bottom and look through all of the builds in list order. This becomes a problem when you are trying to remember the specific build number and simulation id that you want to look at from the graph. Now you don’t have to: Just click on the data point, and it will open a new tab and take you there!&lt;/p&gt;

&lt;h1 id=&quot;final-product&quot;&gt;Final product&lt;/h1&gt;

&lt;p&gt;The plugin now lives on &lt;a href=&quot;https://github.com/puppetlabs/puppet-gatling&quot;&gt;Github&lt;/a&gt; and will be maintained by Puppet Labs. However, it’s open source! So pull requests and contributions are welcome.&lt;/p&gt;

&lt;p&gt;tags: &lt;a href=&quot;/puppetlabs&quot;&gt;puppet&lt;/a&gt;&lt;/p&gt;

  
  &lt;p&gt;&lt;a href=&quot;http://briancain.net/puppet-gatling-and-jenkins-together/&quot;&gt;Puppet, Gatling, And Jenkins Together&lt;/a&gt; was originally published by Brian Cain at &lt;a href=&quot;http://briancain.net&quot;&gt;My Website&lt;/a&gt; on September 02, 2013.&lt;/p&gt;</content>
</entry>


<entry>
  <title type="html"><![CDATA[Lorem Ipsum]]></title>
  <link rel="alternate" type="text/html" href="http://briancain.net/lorem-ipsum/"/>
  <id>http://briancain.net/lorem-ipsum</id>
  <updated>2013-07-28T00:00:00-00:00</updated>
  <published>2013-07-28T00:00:00-07:00</published>
  
  <author>
    <name>Brian Cain</name>
    <uri>http://briancain.net</uri>
    <email>brianccain@gmail.com</email>
  </author>
  <category scheme="http://briancain.net/tags/#hello" term="hello" />
  <content type="html">
  
    &lt;p&gt;Lorem ipsum dolor sit amet, consectetur adipisicing elit, sed do eiusmod tempor incididunt ut labore et dolore magna aliqua. Ut enim ad minim veniam, quis nostrud exercitation ullamco laboris nisi ut aliquip ex ea commodo consequat. Duis aute irure dolor in reprehenderit in voluptate velit esse cillum dolore eu fugiat nulla pariatur. Excepteur sint occaecat cupidatat non proident, sunt in culpa qui officia deserunt mollit anim id est laborum.&lt;/p&gt;

  
  &lt;p&gt;&lt;a href=&quot;http://briancain.net/lorem-ipsum/&quot;&gt;Lorem Ipsum&lt;/a&gt; was originally published by Brian Cain at &lt;a href=&quot;http://briancain.net&quot;&gt;My Website&lt;/a&gt; on July 28, 2013.&lt;/p&gt;</content>
</entry>

</feed>
