<?xml version="1.0" encoding="utf-8"?><feed xmlns="http://www.w3.org/2005/Atom" ><generator uri="https://jekyllrb.com/" version="3.7.3">Jekyll</generator><link href="http://briancain.net/feed.xml" rel="self" type="application/atom+xml" /><link href="http://briancain.net/" rel="alternate" type="text/html" /><updated>2018-06-03T15:29:37-07:00</updated><id>http://briancain.net/</id><title type="html">Brian Cain</title><subtitle>A blog about technology and stuff related</subtitle><entry><title type="html">Vagrant Provider Development Explained: A quickstart guide</title><link href="http://briancain.net/vagrant-provider-dev/" rel="alternate" type="text/html" title="Vagrant Provider Development Explained: A quickstart guide" /><published>2016-11-29T18:30:00-08:00</published><updated>2016-11-29T18:30:00-08:00</updated><id>http://briancain.net/vagrant-provider-dev</id><content type="html" xml:base="http://briancain.net/vagrant-provider-dev/">&lt;p&gt;I found myself in a dilemma a few months ago: I had written a command line tool
called &lt;a href=&quot;https://github.com/briancain/vmfloaty&quot;&gt;vmfloaty&lt;/a&gt; for
&lt;a href=&quot;https://github.com/puppetlabs/vmpooler&quot;&gt;vmpooler&lt;/a&gt;, and that helped reduce the
amount of time I spent worrying about how to get virtual machines to do my job
at &lt;a href=&quot;https://puppet.com/&quot;&gt;Puppet&lt;/a&gt;. But I still had an issue with provisioning and
managing the state of those virtual machines in a timely manner.&lt;/p&gt;

&lt;p&gt;Being a software engineer at Puppet, you could say that I’m someone who loves automation. However even after automating the process of grabbing machines from vmpooler, I was still left with the problem of setting up those machines for my development environment. I could probably just use SSH in a &lt;code class=&quot;highlighter-rouge&quot;&gt;for&lt;/code&gt; loop, but I had already heavily relied on Vagrant in the past to do this setup for me. I didn’t really want to go back to using existing Vagrant providers with VMware or Virtualbox because I always ended up hitting the limitations of my own laptop hardware.&lt;/p&gt;

&lt;p&gt;Pushing off the virtual machines to vmpooler sure was convenient, but once they were up and running it look a lot of effort to manually set them all up to develop with. I needed something like Vagrant to help me provision those machines and manage their lifecycle. Being that vmpooler is a internally home-grown project at Puppet, there are no existing Vagrant providers out there for it. This left me with a good opportunity to fill the need and hopefully make my job a little easier.&lt;/p&gt;

&lt;p&gt;So how does one go about writing their own Vagrant provider? There are already a lot of good providers out there, so surely there’s some sort of guide, right? Sure! There &lt;strong&gt;is&lt;/strong&gt; a pretty &lt;a href=&quot;https://www.vagrantup.com/docs/plugins/providers.html&quot;&gt;basic starting guide&lt;/a&gt; from HashiCorp, giving you a high level of what’s possible. But I still felt like I needed more guidance before getting started. After searching around for more detailed guides, I was unfortunately left with the option of staring at existing providers and attempting to learn how to write one by reading source code.&lt;/p&gt;

&lt;p&gt;I hope to just cover a couple of basic-but-important components that are required in a Vagrant provider. This isn’t meant to be an extensive “how-to” guide that will show you how to write a provider from start to finish, but hopefully it can save you some trouble when writing your provider in Vagrant and understand what goes into making a Vagrant provider work.&lt;/p&gt;

&lt;p&gt;If you’re curious about what you’re in for, or want to jump to a specific section, here’s what I’m planning on covering:&lt;/p&gt;

&lt;p&gt;&lt;strong&gt;Table of contents&lt;/strong&gt;&lt;/p&gt;

&lt;ul&gt;
  &lt;li&gt;&lt;a href=&quot;#provider-configuration&quot;&gt;Provider Configuration&lt;/a&gt;
    &lt;ul&gt;
      &lt;li&gt;Every provider requires some sort of configuration. This will step you through what that means and where to start.&lt;/li&gt;
    &lt;/ul&gt;
  &lt;/li&gt;
  &lt;li&gt;&lt;a href=&quot;#provider-actions&quot;&gt;Provider Actions&lt;/a&gt;
    &lt;ul&gt;
      &lt;li&gt;Actions help make your provider function. This will give you a basic example of one of those actions.&lt;/li&gt;
    &lt;/ul&gt;
  &lt;/li&gt;
  &lt;li&gt;&lt;a href=&quot;#i18n-and-log-messages&quot;&gt;I18n and Log Messages&lt;/a&gt;
    &lt;ul&gt;
      &lt;li&gt;Internationalizing your log messages is an important part of writing a provider, and this gives you some basic examples on how to do so&lt;/li&gt;
    &lt;/ul&gt;
  &lt;/li&gt;
  &lt;li&gt;&lt;a href=&quot;#vagrant-box&quot;&gt;Vagrant Box&lt;/a&gt;
    &lt;ul&gt;
      &lt;li&gt;What the heck is a Vagrant box and why should my provider care? Hopefully this will clear up the confusion&lt;/li&gt;
    &lt;/ul&gt;
  &lt;/li&gt;
&lt;/ul&gt;

&lt;h4 id=&quot;special-thanks&quot;&gt;Special Thanks&lt;/h4&gt;

&lt;p&gt;Thank you &lt;a href=&quot;https://twitter.com/the_mckern&quot;&gt;Ryan McKern&lt;/a&gt; for proof reading and editing!&lt;/p&gt;

&lt;h2 id=&quot;provider-configuration&quot;&gt;Provider Configuration&lt;/h2&gt;

&lt;p&gt;If your provider requires extra configuration (it almost certainly will), you need to provide a configuration class that defines all of the config variables that a user might need to set within a Vagrantfile. Take this basic code sample from a Vagrantfile:&lt;/p&gt;

&lt;figure class=&quot;highlight&quot;&gt;&lt;pre&gt;&lt;code class=&quot;language-ruby&quot; data-lang=&quot;ruby&quot;&gt;&lt;span class=&quot;n&quot;&gt;config&lt;/span&gt;&lt;span class=&quot;p&quot;&gt;.&lt;/span&gt;&lt;span class=&quot;nf&quot;&gt;vm&lt;/span&gt;&lt;span class=&quot;p&quot;&gt;.&lt;/span&gt;&lt;span class=&quot;nf&quot;&gt;provider&lt;/span&gt; &lt;span class=&quot;ss&quot;&gt;:vmpooler&lt;/span&gt; &lt;span class=&quot;k&quot;&gt;do&lt;/span&gt; &lt;span class=&quot;o&quot;&gt;|&lt;/span&gt;&lt;span class=&quot;n&quot;&gt;vmpooler&lt;/span&gt;&lt;span class=&quot;o&quot;&gt;|&lt;/span&gt;
  &lt;span class=&quot;n&quot;&gt;vmpooler&lt;/span&gt;&lt;span class=&quot;p&quot;&gt;.&lt;/span&gt;&lt;span class=&quot;nf&quot;&gt;url&lt;/span&gt; &lt;span class=&quot;o&quot;&gt;=&lt;/span&gt; &lt;span class=&quot;s2&quot;&gt;&quot;https://vmpooler.com/api/v1&quot;&lt;/span&gt;
  &lt;span class=&quot;n&quot;&gt;vmpooler&lt;/span&gt;&lt;span class=&quot;p&quot;&gt;.&lt;/span&gt;&lt;span class=&quot;nf&quot;&gt;os&lt;/span&gt; &lt;span class=&quot;o&quot;&gt;=&lt;/span&gt; &lt;span class=&quot;s2&quot;&gt;&quot;centos-7-x86_64&quot;&lt;/span&gt;
  &lt;span class=&quot;n&quot;&gt;vmpooler&lt;/span&gt;&lt;span class=&quot;p&quot;&gt;.&lt;/span&gt;&lt;span class=&quot;nf&quot;&gt;ttl&lt;/span&gt; &lt;span class=&quot;o&quot;&gt;=&lt;/span&gt; &lt;span class=&quot;mi&quot;&gt;24&lt;/span&gt;
  &lt;span class=&quot;n&quot;&gt;vmpooler&lt;/span&gt;&lt;span class=&quot;p&quot;&gt;.&lt;/span&gt;&lt;span class=&quot;nf&quot;&gt;password&lt;/span&gt; &lt;span class=&quot;o&quot;&gt;=&lt;/span&gt; &lt;span class=&quot;s2&quot;&gt;&quot;secretpassword&quot;&lt;/span&gt;
&lt;span class=&quot;k&quot;&gt;end&lt;/span&gt;&lt;/code&gt;&lt;/pre&gt;&lt;/figure&gt;

&lt;p&gt;All of these settings within the &lt;code class=&quot;highlighter-rouge&quot;&gt;:vmpooler&lt;/code&gt; block are config settings defined by my config class. When a user defines these settings, they are stored within Vagrants internal memory and can be retrieved later (see the later post for more information about actions). Each config setting is defined as an &lt;code class=&quot;highlighter-rouge&quot;&gt;attr_accessor&lt;/code&gt; (which is just a fancy Ruby way of saying the variable is both a getter and a setter). It’s also a good idea to write some documentation above the variable explaining what it’s for and what type your provider is expecting it to be. Based on the Vagrant providers out there, most authors format their config documentation using &lt;a href=&quot;http://yardoc.org&quot;&gt;Yard&lt;/a&gt;. For example, here is how the &lt;code class=&quot;highlighter-rouge&quot;&gt;token&lt;/code&gt; setting is defined in my provider:&lt;/p&gt;

&lt;figure class=&quot;highlight&quot;&gt;&lt;pre&gt;&lt;code class=&quot;language-ruby&quot; data-lang=&quot;ruby&quot;&gt;&lt;span class=&quot;c1&quot;&gt;# The token used to obtain vms&lt;/span&gt;
&lt;span class=&quot;c1&quot;&gt;#&lt;/span&gt;
&lt;span class=&quot;c1&quot;&gt;# @return [String]&lt;/span&gt;
&lt;span class=&quot;nb&quot;&gt;attr_accessor&lt;/span&gt; &lt;span class=&quot;ss&quot;&gt;:token&lt;/span&gt;&lt;/code&gt;&lt;/pre&gt;&lt;/figure&gt;

&lt;p&gt;Your config class should inherit from Vagrant.plugin(“2”, :config) and contain at least two instance methods: &lt;code class=&quot;highlighter-rouge&quot;&gt;#initialize&lt;/code&gt; and &lt;code class=&quot;highlighter-rouge&quot;&gt;#finalize!&lt;/code&gt;.&lt;/p&gt;

&lt;p&gt;The &lt;code class=&quot;highlighter-rouge&quot;&gt;#initialize&lt;/code&gt; method is where you will set up all of the config settings that your provider will need. Unlike many other Ruby projects, Vagrant expects your config settings in initialize to be set to &lt;code class=&quot;highlighter-rouge&quot;&gt;UNSET_VALUE&lt;/code&gt;. &lt;code class=&quot;highlighter-rouge&quot;&gt;UNSET_VALUE&lt;/code&gt; is Vagrant’s way of initializing a config value without setting it to &lt;code class=&quot;highlighter-rouge&quot;&gt;nil&lt;/code&gt;, in case the user explicitly wants that variable to be &lt;code class=&quot;highlighter-rouge&quot;&gt;nil&lt;/code&gt;. In Vagrant, &lt;code class=&quot;highlighter-rouge&quot;&gt;UNSET_VALUE&lt;/code&gt; is just a shortcut for setting your Vagrant config setting to &lt;code class=&quot;highlighter-rouge&quot;&gt;Object.new&lt;/code&gt;. By using this common Vagrant convention, a provider plugin doesn’t have to do any guesswork or sanity-checking to figure out the user’s intention on what the config setting was set to. &lt;code class=&quot;highlighter-rouge&quot;&gt;UNSET_VALUE&lt;/code&gt; is really a fancy way of saying “I want this config variable defined as a new object, but don’t actually use it right now”.&lt;/p&gt;

&lt;p&gt;Your &lt;code class=&quot;highlighter-rouge&quot;&gt;#finalize!&lt;/code&gt; method is always the last method called by Vagrant and is used to do any last minute variable configuration or validation. It also is where you should handle any &lt;code class=&quot;highlighter-rouge&quot;&gt;UNSET_VALUE&lt;/code&gt; config variables or do any validation in case the user misconfigured a setting within their Vagrantfile. You should set any &lt;code class=&quot;highlighter-rouge&quot;&gt;UNSET_VALUE&lt;/code&gt; config variables to &lt;code class=&quot;highlighter-rouge&quot;&gt;nil&lt;/code&gt; if any still are &lt;code class=&quot;highlighter-rouge&quot;&gt;UNSET_VALUE&lt;/code&gt; at this point. Otherwise that may lead to some fun exceptions later when your provider attempts to use these variables as-is. For example: If your provider expects your &lt;code class=&quot;highlighter-rouge&quot;&gt;token&lt;/code&gt; variable to be a string but you never finalize it to nil and it wasn’t set by a Vagrantfile, when Vagrant attempts to use it as such later you will likely get an exception, since that token defaults to a new Ruby object.&lt;/p&gt;

&lt;p&gt;Now that you have some basic config settings ready to go, you should be able to access them in your provider actions by calling  &lt;code class=&quot;highlighter-rouge&quot;&gt;env[:machine].provider_config&lt;/code&gt;. Read more about actions in the next section!&lt;/p&gt;

&lt;h2 id=&quot;provider-actions&quot;&gt;Provider Actions&lt;/h2&gt;

&lt;p&gt;Actions are the heart of a Vagrant provider: they’re what makes it functional. These are the functions that help your provider interact and manage virtual machine life cycles, configuration states, etc. They’re also the interface between the Vagrant CLI and the backend that provides the virtual machines themselves.&lt;/p&gt;

&lt;h3 id=&quot;action-controller&quot;&gt;Action Controller&lt;/h3&gt;

&lt;p&gt;This internal middleware uses the Vagrant Builder class to define various Vagrant actions for the provider. Each method in your actions controller can combine multiple actions to complete a single task. The syntax can be a little confusing and complex at first since it uses Ruby’s block iteration, but a simple example without too much branching logic really can boil it down to what is happening:&lt;/p&gt;

&lt;figure class=&quot;highlight&quot;&gt;&lt;pre&gt;&lt;code class=&quot;language-ruby&quot; data-lang=&quot;ruby&quot;&gt;&lt;span class=&quot;k&quot;&gt;def&lt;/span&gt; &lt;span class=&quot;nc&quot;&gt;self&lt;/span&gt;&lt;span class=&quot;o&quot;&gt;.&lt;/span&gt;&lt;span class=&quot;nf&quot;&gt;action_prepare_boot&lt;/span&gt;
  &lt;span class=&quot;no&quot;&gt;Vagrant&lt;/span&gt;&lt;span class=&quot;o&quot;&gt;::&lt;/span&gt;&lt;span class=&quot;no&quot;&gt;Action&lt;/span&gt;&lt;span class=&quot;o&quot;&gt;::&lt;/span&gt;&lt;span class=&quot;no&quot;&gt;Builder&lt;/span&gt;&lt;span class=&quot;p&quot;&gt;.&lt;/span&gt;&lt;span class=&quot;nf&quot;&gt;new&lt;/span&gt;&lt;span class=&quot;p&quot;&gt;.&lt;/span&gt;&lt;span class=&quot;nf&quot;&gt;tap&lt;/span&gt; &lt;span class=&quot;k&quot;&gt;do&lt;/span&gt; &lt;span class=&quot;o&quot;&gt;|&lt;/span&gt;&lt;span class=&quot;n&quot;&gt;b&lt;/span&gt;&lt;span class=&quot;o&quot;&gt;|&lt;/span&gt;
    &lt;span class=&quot;n&quot;&gt;b&lt;/span&gt;&lt;span class=&quot;p&quot;&gt;.&lt;/span&gt;&lt;span class=&quot;nf&quot;&gt;use&lt;/span&gt; &lt;span class=&quot;no&quot;&gt;Provision&lt;/span&gt;
    &lt;span class=&quot;n&quot;&gt;b&lt;/span&gt;&lt;span class=&quot;p&quot;&gt;.&lt;/span&gt;&lt;span class=&quot;nf&quot;&gt;use&lt;/span&gt; &lt;span class=&quot;no&quot;&gt;SyncFolders&lt;/span&gt;
    &lt;span class=&quot;n&quot;&gt;b&lt;/span&gt;&lt;span class=&quot;p&quot;&gt;.&lt;/span&gt;&lt;span class=&quot;nf&quot;&gt;use&lt;/span&gt; &lt;span class=&quot;no&quot;&gt;SetHostname&lt;/span&gt;
  &lt;span class=&quot;k&quot;&gt;end&lt;/span&gt;
&lt;span class=&quot;k&quot;&gt;end&lt;/span&gt;&lt;/code&gt;&lt;/pre&gt;&lt;/figure&gt;

&lt;p&gt;In this step, we’re simply calling three Vagrant actions on the virtual machine. Each action will be executed in the order specified. So in this case we’ll call &lt;code class=&quot;highlighter-rouge&quot;&gt;Provision&lt;/code&gt;, &lt;code class=&quot;highlighter-rouge&quot;&gt;SyncFolders&lt;/code&gt;, and finally &lt;code class=&quot;highlighter-rouge&quot;&gt;SetHostname&lt;/code&gt; in that order on the machine.&lt;/p&gt;

&lt;h3 id=&quot;actions&quot;&gt;Actions&lt;/h3&gt;

&lt;p&gt;Actions are discrete functions used by the action controller class to perform various tasks against your virtual machine. But first, let’s talk about what an action looks like.&lt;/p&gt;

&lt;p&gt;All actions inherit from the &lt;a href=&quot;https://github.com/mitchellh/vagrant/blob/master/lib/vagrant/action.rb&quot;&gt;Action&lt;/a&gt; module from Vagrant. They have a couple key methods required:&lt;/p&gt;

&lt;p&gt;&lt;strong&gt;#initialize&lt;/strong&gt;&lt;/p&gt;

&lt;p&gt;As the name suggested, this method is what’s called to initialize your action. Most if not all of my &lt;code class=&quot;highlighter-rouge&quot;&gt;#initialize&lt;/code&gt; methods end up looking as simple as this:&lt;/p&gt;

&lt;figure class=&quot;highlight&quot;&gt;&lt;pre&gt;&lt;code class=&quot;language-ruby&quot; data-lang=&quot;ruby&quot;&gt;&lt;span class=&quot;k&quot;&gt;def&lt;/span&gt; &lt;span class=&quot;nf&quot;&gt;initialize&lt;/span&gt;&lt;span class=&quot;p&quot;&gt;(&lt;/span&gt;&lt;span class=&quot;n&quot;&gt;app&lt;/span&gt;&lt;span class=&quot;p&quot;&gt;,&lt;/span&gt; &lt;span class=&quot;n&quot;&gt;env&lt;/span&gt;&lt;span class=&quot;p&quot;&gt;)&lt;/span&gt;
  &lt;span class=&quot;vi&quot;&gt;@app&lt;/span&gt; &lt;span class=&quot;o&quot;&gt;=&lt;/span&gt; &lt;span class=&quot;n&quot;&gt;app&lt;/span&gt;
  &lt;span class=&quot;vi&quot;&gt;@logger&lt;/span&gt; &lt;span class=&quot;o&quot;&gt;=&lt;/span&gt; &lt;span class=&quot;no&quot;&gt;Log4r&lt;/span&gt;&lt;span class=&quot;o&quot;&gt;::&lt;/span&gt;&lt;span class=&quot;no&quot;&gt;Logger&lt;/span&gt;&lt;span class=&quot;p&quot;&gt;.&lt;/span&gt;&lt;span class=&quot;nf&quot;&gt;new&lt;/span&gt;&lt;span class=&quot;p&quot;&gt;(&lt;/span&gt;&lt;span class=&quot;s2&quot;&gt;&quot;vagrant_vmpooler::action::create_server&quot;&lt;/span&gt;&lt;span class=&quot;p&quot;&gt;)&lt;/span&gt;
&lt;span class=&quot;k&quot;&gt;end&lt;/span&gt;&lt;/code&gt;&lt;/pre&gt;&lt;/figure&gt;

&lt;p&gt;&lt;strong&gt;#call&lt;/strong&gt;&lt;/p&gt;

&lt;p&gt;This is the method invoked when the action is called from the actions controller. It takes an &lt;code class=&quot;highlighter-rouge&quot;&gt;env&lt;/code&gt; parameter which is a pretty messy (and huge) data structure Vagrant uses to store state about everything on your machine related to Vagrant. You shouldn’t have to care about what’s in there for the most part except for a few keys. Within there, you can usually find a &lt;code class=&quot;highlighter-rouge&quot;&gt;:machine&lt;/code&gt; key, which points to a data structure that should give you access to the provider config, the machine’s id, and so on.&lt;/p&gt;

&lt;p&gt;&lt;code class=&quot;highlighter-rouge&quot;&gt;#call&lt;/code&gt; is where you can put all of your business logic related to the action. Finally, it’s important to put call back to the action middleware in your actions call method so Vagrant can execute any other outstanding actions afterwards:&lt;/p&gt;

&lt;figure class=&quot;highlight&quot;&gt;&lt;pre&gt;&lt;code class=&quot;language-ruby&quot; data-lang=&quot;ruby&quot;&gt;&lt;span class=&quot;k&quot;&gt;def&lt;/span&gt; &lt;span class=&quot;nf&quot;&gt;call&lt;/span&gt;&lt;span class=&quot;p&quot;&gt;(&lt;/span&gt;&lt;span class=&quot;n&quot;&gt;env&lt;/span&gt;&lt;span class=&quot;p&quot;&gt;)&lt;/span&gt;
  &lt;span class=&quot;c1&quot;&gt;#&lt;/span&gt;
  &lt;span class=&quot;c1&quot;&gt;# other code goes here&lt;/span&gt;
  &lt;span class=&quot;c1&quot;&gt;#&lt;/span&gt;
  &lt;span class=&quot;vi&quot;&gt;@app&lt;/span&gt;&lt;span class=&quot;p&quot;&gt;.&lt;/span&gt;&lt;span class=&quot;nf&quot;&gt;call&lt;/span&gt;&lt;span class=&quot;p&quot;&gt;(&lt;/span&gt;&lt;span class=&quot;n&quot;&gt;env&lt;/span&gt;&lt;span class=&quot;p&quot;&gt;)&lt;/span&gt;
&lt;span class=&quot;k&quot;&gt;end&lt;/span&gt;&lt;/code&gt;&lt;/pre&gt;&lt;/figure&gt;

&lt;h3 id=&quot;action-example&quot;&gt;Action Example&lt;/h3&gt;

&lt;p&gt;Let’s take this simple example of:&lt;/p&gt;

&lt;figure class=&quot;highlight&quot;&gt;&lt;pre&gt;&lt;code class=&quot;language-bash&quot; data-lang=&quot;bash&quot;&gt;&lt;span class=&quot;nv&quot;&gt;$ &lt;/span&gt;vagrant destroy&lt;/code&gt;&lt;/pre&gt;&lt;/figure&gt;

&lt;p&gt;The &lt;code class=&quot;highlighter-rouge&quot;&gt;destroy&lt;/code&gt; in &lt;code class=&quot;highlighter-rouge&quot;&gt;vagrant destroy&lt;/code&gt; is an action defined in the &lt;code class=&quot;highlighter-rouge&quot;&gt;Action&lt;/code&gt; controller class.&lt;/p&gt;

&lt;figure class=&quot;highlight&quot;&gt;&lt;pre&gt;&lt;code class=&quot;language-ruby&quot; data-lang=&quot;ruby&quot;&gt;&lt;span class=&quot;c1&quot;&gt;# This goes at the top of your Action controller&lt;/span&gt;
&lt;span class=&quot;kp&quot;&gt;include&lt;/span&gt; &lt;span class=&quot;no&quot;&gt;Vagrant&lt;/span&gt;&lt;span class=&quot;o&quot;&gt;::&lt;/span&gt;&lt;span class=&quot;no&quot;&gt;Action&lt;/span&gt;&lt;span class=&quot;o&quot;&gt;::&lt;/span&gt;&lt;span class=&quot;no&quot;&gt;Builtin&lt;/span&gt;

&lt;span class=&quot;c1&quot;&gt;# ...&lt;/span&gt;
&lt;span class=&quot;c1&quot;&gt;# This action is called when `vagrant destroy` is executed.&lt;/span&gt;
&lt;span class=&quot;c1&quot;&gt;# example source https://github.com/briancain/vagrant-vmpooler/blob/master/lib/vagrant-vmpooler/action.rb#L11&lt;/span&gt;
&lt;span class=&quot;k&quot;&gt;def&lt;/span&gt; &lt;span class=&quot;nc&quot;&gt;self&lt;/span&gt;&lt;span class=&quot;o&quot;&gt;.&lt;/span&gt;&lt;span class=&quot;nf&quot;&gt;action_destroy&lt;/span&gt;
  &lt;span class=&quot;no&quot;&gt;Vagrant&lt;/span&gt;&lt;span class=&quot;o&quot;&gt;::&lt;/span&gt;&lt;span class=&quot;no&quot;&gt;Action&lt;/span&gt;&lt;span class=&quot;o&quot;&gt;::&lt;/span&gt;&lt;span class=&quot;no&quot;&gt;Builder&lt;/span&gt;&lt;span class=&quot;p&quot;&gt;.&lt;/span&gt;&lt;span class=&quot;nf&quot;&gt;new&lt;/span&gt;&lt;span class=&quot;p&quot;&gt;.&lt;/span&gt;&lt;span class=&quot;nf&quot;&gt;tap&lt;/span&gt; &lt;span class=&quot;k&quot;&gt;do&lt;/span&gt; &lt;span class=&quot;o&quot;&gt;|&lt;/span&gt;&lt;span class=&quot;n&quot;&gt;b&lt;/span&gt;&lt;span class=&quot;o&quot;&gt;|&lt;/span&gt;
    &lt;span class=&quot;n&quot;&gt;b&lt;/span&gt;&lt;span class=&quot;p&quot;&gt;.&lt;/span&gt;&lt;span class=&quot;nf&quot;&gt;use&lt;/span&gt; &lt;span class=&quot;no&quot;&gt;ConfigValidate&lt;/span&gt;
    &lt;span class=&quot;n&quot;&gt;b&lt;/span&gt;&lt;span class=&quot;p&quot;&gt;.&lt;/span&gt;&lt;span class=&quot;nf&quot;&gt;use&lt;/span&gt; &lt;span class=&quot;no&quot;&gt;Call&lt;/span&gt;&lt;span class=&quot;p&quot;&gt;,&lt;/span&gt; &lt;span class=&quot;no&quot;&gt;DestroyConfirm&lt;/span&gt; &lt;span class=&quot;k&quot;&gt;do&lt;/span&gt; &lt;span class=&quot;o&quot;&gt;|&lt;/span&gt;&lt;span class=&quot;n&quot;&gt;env&lt;/span&gt;&lt;span class=&quot;p&quot;&gt;,&lt;/span&gt; &lt;span class=&quot;n&quot;&gt;b1&lt;/span&gt;&lt;span class=&quot;o&quot;&gt;|&lt;/span&gt;
      &lt;span class=&quot;k&quot;&gt;if&lt;/span&gt; &lt;span class=&quot;n&quot;&gt;env&lt;/span&gt;&lt;span class=&quot;p&quot;&gt;[&lt;/span&gt;&lt;span class=&quot;ss&quot;&gt;:result&lt;/span&gt;&lt;span class=&quot;p&quot;&gt;]&lt;/span&gt;
        &lt;span class=&quot;n&quot;&gt;b1&lt;/span&gt;&lt;span class=&quot;p&quot;&gt;.&lt;/span&gt;&lt;span class=&quot;nf&quot;&gt;use&lt;/span&gt; &lt;span class=&quot;no&quot;&gt;DeleteServer&lt;/span&gt;
      &lt;span class=&quot;k&quot;&gt;else&lt;/span&gt;
        &lt;span class=&quot;n&quot;&gt;b1&lt;/span&gt;&lt;span class=&quot;p&quot;&gt;.&lt;/span&gt;&lt;span class=&quot;nf&quot;&gt;use&lt;/span&gt; &lt;span class=&quot;no&quot;&gt;MessageWillNotDestroy&lt;/span&gt;
      &lt;span class=&quot;k&quot;&gt;end&lt;/span&gt;
    &lt;span class=&quot;k&quot;&gt;end&lt;/span&gt;
  &lt;span class=&quot;k&quot;&gt;end&lt;/span&gt;
&lt;span class=&quot;k&quot;&gt;end&lt;/span&gt;&lt;/code&gt;&lt;/pre&gt;&lt;/figure&gt;

&lt;p&gt;First, the action validates the provider config defined in the Vagrantfile, queries the user to confirm that they want to delete the server, and if so calls our own custom action &lt;code class=&quot;highlighter-rouge&quot;&gt;DeleteServer&lt;/code&gt;. Otherwise it calls an action that prints a message that it won’t delete the server.&lt;/p&gt;

&lt;p&gt;There are some actions that you do not need to write yourself (like &lt;code class=&quot;highlighter-rouge&quot;&gt;ConfigValidate&lt;/code&gt;). By including &lt;code class=&quot;highlighter-rouge&quot;&gt;include Vagrant::Action::Builtin&lt;/code&gt; in your action controller, you are able to use these built-in actions. There isn’t a complete list of what actions you get by doing this from what I could find, so I ended up having to &lt;a href=&quot;https://github.com/mitchellh/vagrant/tree/master/lib/vagrant/action/builtin&quot;&gt;read the source code&lt;/a&gt; to see what was available.&lt;/p&gt;

&lt;p&gt;Now let’s get into the action &lt;code class=&quot;highlighter-rouge&quot;&gt;DeleteServer&lt;/code&gt;:&lt;/p&gt;

&lt;figure class=&quot;highlight&quot;&gt;&lt;pre&gt;&lt;code class=&quot;language-ruby&quot; data-lang=&quot;ruby&quot;&gt;&lt;span class=&quot;c1&quot;&gt;# full source here: https://github.com/briancain/vagrant-vmpooler/blob/master/lib/vagrant-vmpooler/action/delete_server.rb&lt;/span&gt;
&lt;span class=&quot;k&quot;&gt;def&lt;/span&gt; &lt;span class=&quot;nf&quot;&gt;call&lt;/span&gt;&lt;span class=&quot;p&quot;&gt;(&lt;/span&gt;&lt;span class=&quot;n&quot;&gt;env&lt;/span&gt;&lt;span class=&quot;p&quot;&gt;)&lt;/span&gt;
  &lt;span class=&quot;n&quot;&gt;machine&lt;/span&gt; &lt;span class=&quot;o&quot;&gt;=&lt;/span&gt; &lt;span class=&quot;n&quot;&gt;env&lt;/span&gt;&lt;span class=&quot;p&quot;&gt;[&lt;/span&gt;&lt;span class=&quot;ss&quot;&gt;:machine&lt;/span&gt;&lt;span class=&quot;p&quot;&gt;]&lt;/span&gt;
  &lt;span class=&quot;nb&quot;&gt;id&lt;/span&gt; &lt;span class=&quot;o&quot;&gt;=&lt;/span&gt; &lt;span class=&quot;n&quot;&gt;machine&lt;/span&gt;&lt;span class=&quot;p&quot;&gt;.&lt;/span&gt;&lt;span class=&quot;nf&quot;&gt;id&lt;/span&gt;

  &lt;span class=&quot;k&quot;&gt;if&lt;/span&gt; &lt;span class=&quot;nb&quot;&gt;id&lt;/span&gt;
    &lt;span class=&quot;c1&quot;&gt;# various settings required by my provider&lt;/span&gt;
    &lt;span class=&quot;n&quot;&gt;provider_config&lt;/span&gt; &lt;span class=&quot;o&quot;&gt;=&lt;/span&gt; &lt;span class=&quot;n&quot;&gt;machine&lt;/span&gt;&lt;span class=&quot;p&quot;&gt;.&lt;/span&gt;&lt;span class=&quot;nf&quot;&gt;provider_config&lt;/span&gt;

    &lt;span class=&quot;n&quot;&gt;token&lt;/span&gt; &lt;span class=&quot;o&quot;&gt;=&lt;/span&gt; &lt;span class=&quot;n&quot;&gt;provider_config&lt;/span&gt;&lt;span class=&quot;p&quot;&gt;.&lt;/span&gt;&lt;span class=&quot;nf&quot;&gt;token&lt;/span&gt;
    &lt;span class=&quot;n&quot;&gt;url&lt;/span&gt; &lt;span class=&quot;o&quot;&gt;=&lt;/span&gt; &lt;span class=&quot;n&quot;&gt;provider_config&lt;/span&gt;&lt;span class=&quot;p&quot;&gt;.&lt;/span&gt;&lt;span class=&quot;nf&quot;&gt;url&lt;/span&gt;
    &lt;span class=&quot;n&quot;&gt;verbose&lt;/span&gt; &lt;span class=&quot;o&quot;&gt;=&lt;/span&gt; &lt;span class=&quot;n&quot;&gt;provider_config&lt;/span&gt;&lt;span class=&quot;p&quot;&gt;.&lt;/span&gt;&lt;span class=&quot;nf&quot;&gt;verbose&lt;/span&gt;

    &lt;span class=&quot;n&quot;&gt;env&lt;/span&gt;&lt;span class=&quot;p&quot;&gt;[&lt;/span&gt;&lt;span class=&quot;ss&quot;&gt;:ui&lt;/span&gt;&lt;span class=&quot;p&quot;&gt;].&lt;/span&gt;&lt;span class=&quot;nf&quot;&gt;info&lt;/span&gt;&lt;span class=&quot;p&quot;&gt;(&lt;/span&gt;&lt;span class=&quot;no&quot;&gt;I18n&lt;/span&gt;&lt;span class=&quot;p&quot;&gt;.&lt;/span&gt;&lt;span class=&quot;nf&quot;&gt;t&lt;/span&gt;&lt;span class=&quot;p&quot;&gt;(&lt;/span&gt;&lt;span class=&quot;s2&quot;&gt;&quot;vagrant_vmpooler.deleting_server&quot;&lt;/span&gt;&lt;span class=&quot;p&quot;&gt;))&lt;/span&gt;

    &lt;span class=&quot;c1&quot;&gt;# api call to delete server with ID&lt;/span&gt;
     &lt;span class=&quot;n&quot;&gt;os&lt;/span&gt; &lt;span class=&quot;o&quot;&gt;=&lt;/span&gt; &lt;span class=&quot;p&quot;&gt;[]&lt;/span&gt;
     &lt;span class=&quot;n&quot;&gt;os&lt;/span&gt;&lt;span class=&quot;p&quot;&gt;.&lt;/span&gt;&lt;span class=&quot;nf&quot;&gt;push&lt;/span&gt;&lt;span class=&quot;p&quot;&gt;(&lt;/span&gt;&lt;span class=&quot;nb&quot;&gt;id&lt;/span&gt;&lt;span class=&quot;p&quot;&gt;)&lt;/span&gt;
     &lt;span class=&quot;n&quot;&gt;response_body&lt;/span&gt; &lt;span class=&quot;o&quot;&gt;=&lt;/span&gt; &lt;span class=&quot;no&quot;&gt;Pooler&lt;/span&gt;&lt;span class=&quot;p&quot;&gt;.&lt;/span&gt;&lt;span class=&quot;nf&quot;&gt;delete&lt;/span&gt;&lt;span class=&quot;p&quot;&gt;(&lt;/span&gt;&lt;span class=&quot;n&quot;&gt;verbose&lt;/span&gt;&lt;span class=&quot;p&quot;&gt;,&lt;/span&gt; &lt;span class=&quot;n&quot;&gt;url&lt;/span&gt;&lt;span class=&quot;p&quot;&gt;,&lt;/span&gt; &lt;span class=&quot;n&quot;&gt;os&lt;/span&gt;&lt;span class=&quot;p&quot;&gt;,&lt;/span&gt; &lt;span class=&quot;n&quot;&gt;token&lt;/span&gt;&lt;span class=&quot;p&quot;&gt;)&lt;/span&gt;

    &lt;span class=&quot;k&quot;&gt;if&lt;/span&gt; &lt;span class=&quot;n&quot;&gt;response_body&lt;/span&gt;&lt;span class=&quot;p&quot;&gt;[&lt;/span&gt;&lt;span class=&quot;nb&quot;&gt;id&lt;/span&gt;&lt;span class=&quot;p&quot;&gt;][&lt;/span&gt;&lt;span class=&quot;s1&quot;&gt;'ok'&lt;/span&gt;&lt;span class=&quot;p&quot;&gt;]&lt;/span&gt; &lt;span class=&quot;o&quot;&gt;==&lt;/span&gt; &lt;span class=&quot;kp&quot;&gt;false&lt;/span&gt;
      &lt;span class=&quot;c1&quot;&gt;# something went wrong&lt;/span&gt;
      &lt;span class=&quot;n&quot;&gt;env&lt;/span&gt;&lt;span class=&quot;p&quot;&gt;[&lt;/span&gt;&lt;span class=&quot;ss&quot;&gt;:ui&lt;/span&gt;&lt;span class=&quot;p&quot;&gt;].&lt;/span&gt;&lt;span class=&quot;nf&quot;&gt;warn&lt;/span&gt;&lt;span class=&quot;p&quot;&gt;(&lt;/span&gt;&lt;span class=&quot;no&quot;&gt;I18n&lt;/span&gt;&lt;span class=&quot;p&quot;&gt;.&lt;/span&gt;&lt;span class=&quot;nf&quot;&gt;t&lt;/span&gt;&lt;span class=&quot;p&quot;&gt;(&lt;/span&gt;&lt;span class=&quot;s2&quot;&gt;&quot;vagrant_vmpooler.not_deleted&quot;&lt;/span&gt;&lt;span class=&quot;p&quot;&gt;))&lt;/span&gt;
    &lt;span class=&quot;k&quot;&gt;else&lt;/span&gt;
      &lt;span class=&quot;c1&quot;&gt;# server marked for deletion&lt;/span&gt;
      &lt;span class=&quot;n&quot;&gt;env&lt;/span&gt;&lt;span class=&quot;p&quot;&gt;[&lt;/span&gt;&lt;span class=&quot;ss&quot;&gt;:ui&lt;/span&gt;&lt;span class=&quot;p&quot;&gt;].&lt;/span&gt;&lt;span class=&quot;nf&quot;&gt;info&lt;/span&gt;&lt;span class=&quot;p&quot;&gt;(&lt;/span&gt;&lt;span class=&quot;no&quot;&gt;I18n&lt;/span&gt;&lt;span class=&quot;p&quot;&gt;.&lt;/span&gt;&lt;span class=&quot;nf&quot;&gt;t&lt;/span&gt;&lt;span class=&quot;p&quot;&gt;(&lt;/span&gt;&lt;span class=&quot;s2&quot;&gt;&quot;vagrant_vmpooler.deleted&quot;&lt;/span&gt;&lt;span class=&quot;p&quot;&gt;))&lt;/span&gt;
      &lt;span class=&quot;c1&quot;&gt;# setting the machine id to nil here removes&lt;/span&gt;
      &lt;span class=&quot;c1&quot;&gt;# it from Vagrants internal state&lt;/span&gt;
      &lt;span class=&quot;n&quot;&gt;env&lt;/span&gt;&lt;span class=&quot;p&quot;&gt;[&lt;/span&gt;&lt;span class=&quot;ss&quot;&gt;:machine&lt;/span&gt;&lt;span class=&quot;p&quot;&gt;].&lt;/span&gt;&lt;span class=&quot;nf&quot;&gt;id&lt;/span&gt; &lt;span class=&quot;o&quot;&gt;=&lt;/span&gt; &lt;span class=&quot;kp&quot;&gt;nil&lt;/span&gt;
    &lt;span class=&quot;k&quot;&gt;end&lt;/span&gt;
  &lt;span class=&quot;k&quot;&gt;else&lt;/span&gt;
    &lt;span class=&quot;c1&quot;&gt;# if no id is found, machine doesn't exist&lt;/span&gt;
    &lt;span class=&quot;n&quot;&gt;env&lt;/span&gt;&lt;span class=&quot;p&quot;&gt;[&lt;/span&gt;&lt;span class=&quot;ss&quot;&gt;:ui&lt;/span&gt;&lt;span class=&quot;p&quot;&gt;].&lt;/span&gt;&lt;span class=&quot;nf&quot;&gt;info&lt;/span&gt;&lt;span class=&quot;p&quot;&gt;(&lt;/span&gt;&lt;span class=&quot;no&quot;&gt;I18n&lt;/span&gt;&lt;span class=&quot;p&quot;&gt;.&lt;/span&gt;&lt;span class=&quot;nf&quot;&gt;t&lt;/span&gt;&lt;span class=&quot;p&quot;&gt;(&lt;/span&gt;&lt;span class=&quot;s2&quot;&gt;&quot;vagrant_vmpooler.not_created&quot;&lt;/span&gt;&lt;span class=&quot;p&quot;&gt;))&lt;/span&gt;
  &lt;span class=&quot;k&quot;&gt;end&lt;/span&gt;

  &lt;span class=&quot;c1&quot;&gt;# Go back to my actions controller and execute any outstanding actions&lt;/span&gt;
  &lt;span class=&quot;vi&quot;&gt;@app&lt;/span&gt;&lt;span class=&quot;p&quot;&gt;.&lt;/span&gt;&lt;span class=&quot;nf&quot;&gt;call&lt;/span&gt;&lt;span class=&quot;p&quot;&gt;(&lt;/span&gt;&lt;span class=&quot;n&quot;&gt;env&lt;/span&gt;&lt;span class=&quot;p&quot;&gt;)&lt;/span&gt;
&lt;span class=&quot;k&quot;&gt;end&lt;/span&gt;&lt;/code&gt;&lt;/pre&gt;&lt;/figure&gt;

&lt;p&gt;The &lt;code class=&quot;highlighter-rouge&quot;&gt;delete_server&lt;/code&gt; action reads in the provider config to acquire the basic settings needed to talk to its backend, and then makes the API request to delete the given server based on the ID. It then has some handling to ensure things went alright, and that’s it!&lt;/p&gt;

&lt;p&gt;Now that we’ve written an action, we’re ready to load it in the controller class:&lt;/p&gt;

&lt;figure class=&quot;highlight&quot;&gt;&lt;pre&gt;&lt;code class=&quot;language-ruby&quot; data-lang=&quot;ruby&quot;&gt;&lt;span class=&quot;c1&quot;&gt;# somewhere below your methods in your Action controller&lt;/span&gt;
&lt;span class=&quot;o&quot;&gt;...&lt;/span&gt;
&lt;span class=&quot;n&quot;&gt;action_root&lt;/span&gt; &lt;span class=&quot;o&quot;&gt;=&lt;/span&gt; &lt;span class=&quot;no&quot;&gt;Pathname&lt;/span&gt;&lt;span class=&quot;p&quot;&gt;.&lt;/span&gt;&lt;span class=&quot;nf&quot;&gt;new&lt;/span&gt;&lt;span class=&quot;p&quot;&gt;(&lt;/span&gt;&lt;span class=&quot;no&quot;&gt;File&lt;/span&gt;&lt;span class=&quot;p&quot;&gt;.&lt;/span&gt;&lt;span class=&quot;nf&quot;&gt;expand_path&lt;/span&gt;&lt;span class=&quot;p&quot;&gt;(&lt;/span&gt;&lt;span class=&quot;s2&quot;&gt;&quot;../action&quot;&lt;/span&gt;&lt;span class=&quot;p&quot;&gt;,&lt;/span&gt; &lt;span class=&quot;kp&quot;&gt;__FILE__&lt;/span&gt;&lt;span class=&quot;p&quot;&gt;))&lt;/span&gt;
&lt;span class=&quot;nb&quot;&gt;autoload&lt;/span&gt; &lt;span class=&quot;ss&quot;&gt;:DeleteServer&lt;/span&gt;&lt;span class=&quot;p&quot;&gt;,&lt;/span&gt; &lt;span class=&quot;n&quot;&gt;action_root&lt;/span&gt;&lt;span class=&quot;p&quot;&gt;.&lt;/span&gt;&lt;span class=&quot;nf&quot;&gt;join&lt;/span&gt;&lt;span class=&quot;p&quot;&gt;(&lt;/span&gt;&lt;span class=&quot;s2&quot;&gt;&quot;delete_server&quot;&lt;/span&gt;&lt;span class=&quot;p&quot;&gt;)&lt;/span&gt;
&lt;span class=&quot;c1&quot;&gt;# More actions get autoloaded here&lt;/span&gt;&lt;/code&gt;&lt;/pre&gt;&lt;/figure&gt;

&lt;p&gt;One they’re loaded, they are referred to by the autoload name. For example, the action &lt;code class=&quot;highlighter-rouge&quot;&gt;delete_server&lt;/code&gt; will now be referred to as &lt;code class=&quot;highlighter-rouge&quot;&gt;DeleteServer&lt;/code&gt; in the action controller class.&lt;/p&gt;

&lt;p&gt;If you’d like a more complicated example of an action, check out my plugins &lt;a href=&quot;https://github.com/briancain/vagrant-vmpooler/blob/master/lib/vagrant-vmpooler/action/create_server.rb&quot;&gt;CreateServer&lt;/a&gt; action.&lt;/p&gt;

&lt;h2 id=&quot;i18n-and-log-messages&quot;&gt;I18n and Log Messages&lt;/h2&gt;

&lt;p&gt;Most if not all of the vagrant providers I’ve read use localization. It’s generally a good idea to bake in localization or &lt;code class=&quot;highlighter-rouge&quot;&gt;i18n&lt;/code&gt; to your project. If you’re looking to have your provider work in languages other than English this will help make the process a lot easier. The locale file itself is a &lt;code class=&quot;highlighter-rouge&quot;&gt;yaml&lt;/code&gt; file made up of a hierarchy of keys and log messages. The top level key should correspond to the locale you’re writing for (like &lt;code class=&quot;highlighter-rouge&quot;&gt;en&lt;/code&gt; for &lt;code class=&quot;highlighter-rouge&quot;&gt;English&lt;/code&gt;). Otherwise the structure isn’t too important, but pick something that makes sense so that they’re easy to reference while developing. A simple example could be you want a log message that tells the user a server is being destroyed. In your locale file, you might have a structure that looks like this for English or French:&lt;/p&gt;

&lt;figure class=&quot;highlight&quot;&gt;&lt;pre&gt;&lt;code class=&quot;language-yaml&quot; data-lang=&quot;yaml&quot;&gt;&lt;span class=&quot;c1&quot;&gt;# locales/en.yml&lt;/span&gt;
&lt;span class=&quot;na&quot;&gt;en&lt;/span&gt;&lt;span class=&quot;pi&quot;&gt;:&lt;/span&gt;
  &lt;span class=&quot;na&quot;&gt;vagrant_vmpooler&lt;/span&gt;&lt;span class=&quot;pi&quot;&gt;:&lt;/span&gt;
    &lt;span class=&quot;na&quot;&gt;destroy_server&lt;/span&gt;&lt;span class=&quot;pi&quot;&gt;:&lt;/span&gt;
      &lt;span class=&quot;s&quot;&gt;Destroying server…&lt;/span&gt;&lt;/code&gt;&lt;/pre&gt;&lt;/figure&gt;

&lt;figure class=&quot;highlight&quot;&gt;&lt;pre&gt;&lt;code class=&quot;language-yaml&quot; data-lang=&quot;yaml&quot;&gt;&lt;span class=&quot;c1&quot;&gt;# locales/fr.yml&lt;/span&gt;
&lt;span class=&quot;na&quot;&gt;fr&lt;/span&gt;&lt;span class=&quot;pi&quot;&gt;:&lt;/span&gt;
  &lt;span class=&quot;na&quot;&gt;vagrant_vmpooler&lt;/span&gt;&lt;span class=&quot;pi&quot;&gt;:&lt;/span&gt;
    &lt;span class=&quot;na&quot;&gt;destroy_server&lt;/span&gt;&lt;span class=&quot;pi&quot;&gt;:&lt;/span&gt;
      &lt;span class=&quot;s&quot;&gt;Détruire le serveur...&lt;/span&gt;&lt;/code&gt;&lt;/pre&gt;&lt;/figure&gt;

&lt;p&gt;Then simply when you want to use that message, you can reference it like so:&lt;/p&gt;

&lt;figure class=&quot;highlight&quot;&gt;&lt;pre&gt;&lt;code class=&quot;language-ruby&quot; data-lang=&quot;ruby&quot;&gt;&lt;span class=&quot;n&quot;&gt;env&lt;/span&gt;&lt;span class=&quot;p&quot;&gt;[&lt;/span&gt;&lt;span class=&quot;ss&quot;&gt;:ui&lt;/span&gt;&lt;span class=&quot;p&quot;&gt;].&lt;/span&gt;&lt;span class=&quot;nf&quot;&gt;info&lt;/span&gt;&lt;span class=&quot;p&quot;&gt;(&lt;/span&gt;&lt;span class=&quot;no&quot;&gt;I18n&lt;/span&gt;&lt;span class=&quot;p&quot;&gt;.&lt;/span&gt;&lt;span class=&quot;nf&quot;&gt;t&lt;/span&gt;&lt;span class=&quot;p&quot;&gt;(&lt;/span&gt;&lt;span class=&quot;s2&quot;&gt;&quot;vagrant_vmpooler.destroy_server&quot;&lt;/span&gt;&lt;span class=&quot;p&quot;&gt;))&lt;/span&gt;&lt;/code&gt;&lt;/pre&gt;&lt;/figure&gt;

&lt;p&gt;And Vagrant will be able to use the appropriate log message based on the user’s system locale on their computer.&lt;/p&gt;

&lt;h2 id=&quot;vagrant-box&quot;&gt;Vagrant box&lt;/h2&gt;

&lt;p&gt;When writing a Vagrantfile, each defined virtual machine block needs to set a &lt;code class=&quot;highlighter-rouge&quot;&gt;box&lt;/code&gt; setting so that Vagrant can use that as a base image when creating a virtual machine. In some Vagrant provider cases, there is no actual &lt;code class=&quot;highlighter-rouge&quot;&gt;box&lt;/code&gt; (like AWS or OpenStack) so the box ends up just being a dummy box that vagrant can use to get information for the given provider to use.&lt;/p&gt;

&lt;p&gt;So what the heck is a Vagrant box then if it isn’t a virtual machine image? In my case, it ends up being a compressed archive of your &lt;code class=&quot;highlighter-rouge&quot;&gt;metadata.json&lt;/code&gt; file. In other words it’s a piece of data that gives Vagrant more information about the virtualization software that it’s going to use. Here’s what my &lt;code class=&quot;highlighter-rouge&quot;&gt;metadata.json&lt;/code&gt; file looks like for my provider:&lt;/p&gt;

&lt;figure class=&quot;highlight&quot;&gt;&lt;pre&gt;&lt;code class=&quot;language-json&quot; data-lang=&quot;json&quot;&gt;&lt;span class=&quot;p&quot;&gt;{&lt;/span&gt;&lt;span class=&quot;w&quot;&gt; &lt;/span&gt;&lt;span class=&quot;s2&quot;&gt;&quot;provider&quot;&lt;/span&gt;&lt;span class=&quot;p&quot;&gt;:&lt;/span&gt;&lt;span class=&quot;w&quot;&gt; &lt;/span&gt;&lt;span class=&quot;s2&quot;&gt;&quot;vmpooler&quot;&lt;/span&gt;&lt;span class=&quot;w&quot;&gt; &lt;/span&gt;&lt;span class=&quot;p&quot;&gt;}&lt;/span&gt;&lt;/code&gt;&lt;/pre&gt;&lt;/figure&gt;

&lt;p&gt;In this case, all my provider needs to know when a user specifies this box to use in their Vagrantfile, Vagrant should use the &lt;code class=&quot;highlighter-rouge&quot;&gt;vmpooler&lt;/code&gt; provider.&lt;/p&gt;

&lt;p&gt;Once you’ve created a metadata.json file, you can compress that into a box file for Vagrant to read like so:&lt;/p&gt;

&lt;figure class=&quot;highlight&quot;&gt;&lt;pre&gt;&lt;code class=&quot;language-bash&quot; data-lang=&quot;bash&quot;&gt;&lt;span class=&quot;nb&quot;&gt;tar&lt;/span&gt; &lt;span class=&quot;nt&quot;&gt;-czvf&lt;/span&gt; dummy.box metadata.json
vagrant box add dummy.box &lt;span class=&quot;nt&quot;&gt;--name&lt;/span&gt; dummy&lt;/code&gt;&lt;/pre&gt;&lt;/figure&gt;

&lt;p&gt;Now when you want to use your custom provider with the box you created, you can simply add it by specifying this in your Vagrantfile:&lt;/p&gt;

&lt;figure class=&quot;highlight&quot;&gt;&lt;pre&gt;&lt;code class=&quot;language-ruby&quot; data-lang=&quot;ruby&quot;&gt;&lt;span class=&quot;no&quot;&gt;Vagrant&lt;/span&gt;&lt;span class=&quot;p&quot;&gt;.&lt;/span&gt;&lt;span class=&quot;nf&quot;&gt;configure&lt;/span&gt;&lt;span class=&quot;p&quot;&gt;(&lt;/span&gt;&lt;span class=&quot;s2&quot;&gt;&quot;2&quot;&lt;/span&gt;&lt;span class=&quot;p&quot;&gt;)&lt;/span&gt; &lt;span class=&quot;k&quot;&gt;do&lt;/span&gt; &lt;span class=&quot;o&quot;&gt;|&lt;/span&gt;&lt;span class=&quot;n&quot;&gt;config&lt;/span&gt;&lt;span class=&quot;o&quot;&gt;|&lt;/span&gt;
  &lt;span class=&quot;n&quot;&gt;config&lt;/span&gt;&lt;span class=&quot;p&quot;&gt;.&lt;/span&gt;&lt;span class=&quot;nf&quot;&gt;vm&lt;/span&gt;&lt;span class=&quot;p&quot;&gt;.&lt;/span&gt;&lt;span class=&quot;nf&quot;&gt;box&lt;/span&gt; &lt;span class=&quot;o&quot;&gt;=&lt;/span&gt; &lt;span class=&quot;s2&quot;&gt;&quot;dummy&quot;&lt;/span&gt;
  &lt;span class=&quot;c1&quot;&gt;# other stuff goes here&lt;/span&gt;
&lt;span class=&quot;k&quot;&gt;end&lt;/span&gt;&lt;/code&gt;&lt;/pre&gt;&lt;/figure&gt;

&lt;p&gt;Where “dummy” is the name of the box you gave it when you added it with &lt;code class=&quot;highlighter-rouge&quot;&gt;vagrant box add&lt;/code&gt;.&lt;/p&gt;

&lt;h2 id=&quot;my-provider&quot;&gt;My provider&lt;/h2&gt;

&lt;p&gt;So what does my provider look like? If you’re like to see how I did, please check out my repository here:&lt;/p&gt;

&lt;ul&gt;
  &lt;li&gt;&lt;a href=&quot;https://github.com/briancain/vagrant-vmpooler&quot;&gt;vagrant-vmpooler&lt;/a&gt;&lt;/li&gt;
&lt;/ul&gt;

&lt;h2 id=&quot;helpful-repositories-and-resources&quot;&gt;Helpful Repositories and Resources&lt;/h2&gt;

&lt;ul&gt;
  &lt;li&gt;&lt;a href=&quot;https://github.com/mitchellh/vagrant-aws&quot;&gt;vagrant-aws&lt;/a&gt;&lt;/li&gt;
  &lt;li&gt;&lt;a href=&quot;https://github.com/ggiamarchi/vagrant-openstack-provider&quot;&gt;vagrant-openstack&lt;/a&gt;&lt;/li&gt;
  &lt;li&gt;&lt;a href=&quot;https://www.vagrantup.com/docs/plugins/providers.html&quot;&gt;HashiCorp Plugin Development: Providers&lt;/a&gt;&lt;/li&gt;
&lt;/ul&gt;</content><author><name>briancain</name></author><category term="blog" /><category term="cli" /><category term="virtual" /><category term="tool" /><category term="api" /><category term="ruby" /><category term="vagrant" /><category term="development" /><category term="provider" /><summary type="html">I found myself in a dilemma a few months ago: I had written a command line tool called vmfloaty for vmpooler, and that helped reduce the amount of time I spent worrying about how to get virtual machines to do my job at Puppet. But I still had an issue with provisioning and managing the state of those virtual machines in a timely manner.</summary></entry></feed>